lane_id,travel_dir,point_index,s_m,x_m,y_m,z_m
{02200d70-8145-380c-b8c7-a73c4f8ebaa6},forward,0,0.000000,7.575000,3.000000,0.000000
{02200d70-8145-380c-b8c7-a73c4f8ebaa6},forward,1,0.920000,7.575000,3.920000,0.000000
{02ded283-f52b-3fc2-b4e2-2dddf2bdb289},forward,0,0.000000,6.600000,2.975000,0.000000
{02ded283-f52b-3fc2-b4e2-2dddf2bdb289},forward,1,0.020000,6.620000,2.975000,0.000000
{02dfc126-3096-31ae-bd99-ce26c505d26f},backward,0,0.000000,5.100000,3.225000,0.000000
{02dfc126-3096-31ae-bd99-ce26c505d26f},backward,1,0.156108,4.943892,3.225000,0.000000
{02dfc126-3096-31ae-bd99-ce26c505d26f},backward,2,0.232574,4.867426,3.225000,0.000000
{035e6481-1b49-3a20-a9a8-ed4f89ce62d2},backward,0,0.000000,4.867426,3.225000,0.000000
{035e6481-1b49-3a20-a9a8-ed4f89ce62d2},backward,1,0.000000,4.867426,3.225000,0.000000
{035e6481-1b49-3a20-a9a8-ed4f89ce62d2},backward,2,0.051616,4.815811,3.225000,0.000000
{0863c21f-0a5d-39f8-9f83-8664a19dd3ca},forward,0,0.000000,3.481895,2.975000,0.000000
{0863c21f-0a5d-39f8-9f83-8664a19dd3ca},forward,1,0.286599,3.768494,2.975000,0.000000
{0863c21f-0a5d-39f8-9f83-8664a19dd3ca},forward,2,0.401568,3.883462,2.975000,0.000000
{0863c21f-0a5d-39f8-9f83-8664a19dd3ca},forward,3,0.451803,3.933399,2.980475,0.000000
{0863c21f-0a5d-39f8-9f83-8664a19dd3ca},forward,4,0.502138,3.981042,2.996715,0.000000
{0863c21f-0a5d-39f8-9f83-8664a19dd3ca},forward,5,0.552473,4.024004,3.022942,0.000000
{0863c21f-0a5d-39f8-9f83-8664a19dd3ca},forward,6,0.602808,4.060223,3.057896,0.000000
{0863c21f-0a5d-39f8-9f83-8664a19dd3ca},forward,7,0.675070,4.097093,3.120044,0.000000
{0863c21f-0a5d-39f8-9f83-8664a19dd3ca},forward,8,0.747198,4.112825,3.190435,0.000000
{0863c21f-0a5d-39f8-9f83-8664a19dd3ca},forward,9,0.791057,4.115292,3.234225,0.000000
{0863c21f-0a5d-39f8-9f83-8664a19dd3ca},forward,10,0.951313,4.119481,3.394426,0.000000
{0863c21f-0a5d-39f8-9f83-8664a19dd3ca},forward,11,1.133553,4.119941,3.576665,0.000000
{0863c21f-0a5d-39f8-9f83-8664a19dd3ca},forward,12,1.352881,4.120495,3.795993,0.000000
{0e958036-e9ea-3f34-ad72-7c42abb9dafc},forward,0,0.000000,3.170662,2.975000,0.000000
{0e958036-e9ea-3f34-ad72-7c42abb9dafc},forward,1,0.005144,3.175805,2.975000,0.000000
{17f9fc39-fad1-30ff-b81d-b6876501008d},forward,0,0.000000,4.000000,5.675000,0.000000
{17f9fc39-fad1-30ff-b81d-b6876501008d},forward,1,0.000000,4.000000,5.675000,0.000000
{17f9fc39-fad1-30ff-b81d-b6876501008d},forward,2,0.000000,4.000000,5.675000,0.000000
{17f9fc39-fad1-30ff-b81d-b6876501008d},forward,3,0.000000,4.000000,5.675000,0.000000
{17f9fc39-fad1-30ff-b81d-b6876501008d},forward,4,0.147854,3.852146,5.675000,0.000000
{17f9fc39-fad1-30ff-b81d-b6876501008d},forward,5,0.412146,3.587854,5.675000,0.000000
{17f9fc39-fad1-30ff-b81d-b6876501008d},forward,6,0.415000,3.585000,5.675000,0.000000
{17f9fc39-fad1-30ff-b81d-b6876501008d},forward,7,0.550000,3.450000,5.675000,0.000000
{17f9fc39-fad1-30ff-b81d-b6876501008d},forward,8,0.550125,3.449875,5.675000,0.000000
{1a617349-a7a8-3a90-ae83-1ed2be395acb},backward,0,0.000000,0.575000,2.216977,0.000000
{1a617349-a7a8-3a90-ae83-1ed2be395acb},backward,1,0.063023,0.575000,2.280000,0.000000
{1a617349-a7a8-3a90-ae83-1ed2be395acb},backward,2,0.063023,0.575000,2.280000,0.000000
{1c0d6342-89f9-3f21-97a1-b302c5a611c2},backward,0,0.000000,4.441108,1.374202,0.000000
{1c0d6342-89f9-3f21-97a1-b302c5a611c2},backward,1,0.096118,4.537226,1.374190,0.000000
{1c0d6342-89f9-3f21-97a1-b302c5a611c2},backward,2,0.402584,4.843691,1.374026,0.000000
{1e12637d-f37c-3239-a22d-4768bc623264},backward,0,0.000000,6.373459,0.865069,0.000000
{1e12637d-f37c-3239-a22d-4768bc623264},backward,1,0.171038,6.204214,0.840364,0.000000
{1e12637d-f37c-3239-a22d-4768bc623264},backward,2,0.354150,6.021489,0.828473,0.000000
{1e12637d-f37c-3239-a22d-4768bc623264},backward,3,0.544788,5.830879,0.825151,0.000000
{1e12637d-f37c-3239-a22d-4768bc623264},backward,4,0.745668,5.630000,0.825000,0.000000
{1e12637d-f37c-3239-a22d-4768bc623264},backward,5,1.150668,5.225000,0.825000,0.000000
{1e12637d-f37c-3239-a22d-4768bc623264},backward,6,1.150989,5.224679,0.825000,0.000000
{1e12637d-f37c-3239-a22d-4768bc623264},backward,7,1.960668,4.415000,0.825000,0.000000
{1e12637d-f37c-3239-a22d-4768bc623264},backward,8,2.375668,4.000000,0.825000,0.000000
{23137bee-820e-35c9-ac6b-a2b0b0f41b3e},forward,0,0.000000,0.575000,2.280000,0.000000
{23137bee-820e-35c9-ac6b-a2b0b0f41b3e},forward,1,0.235927,0.575000,2.515927,0.000000
{23137bee-820e-35c9-ac6b-a2b0b0f41b3e},forward,2,0.270677,0.576474,2.550646,0.000000
{23137bee-820e-35c9-ac6b-a2b0b0f41b3e},forward,3,0.354287,0.592072,2.632788,0.000000
{23137bee-820e-35c9-ac6b-a2b0b0f41b3e},forward,4,0.437898,0.624085,2.710027,0.000000
{23137bee-820e-35c9-ac6b-a2b0b0f41b3e},forward,5,0.521508,0.671169,2.779120,0.000000
{23137bee-820e-35c9-ac6b-a2b0b0f41b3e},forward,6,0.605118,0.731348,2.837165,0.000000
{23137bee-820e-35c9-ac6b-a2b0b0f41b3e},forward,7,0.610745,0.735800,2.840605,0.000000
{23137bee-820e-35c9-ac6b-a2b0b0f41b3e},forward,8,0.625029,0.747256,2.849137,0.000000
{23137bee-820e-35c9-ac6b-a2b0b0f41b3e},forward,9,0.724504,0.831879,2.901427,0.000000
{23137bee-820e-35c9-ac6b-a2b0b0f41b3e},forward,10,0.823978,0.923424,2.940345,0.000000
{23137bee-820e-35c9-ac6b-a2b0b0f41b3e},forward,11,0.923452,1.019795,2.964999,0.000000
{23137bee-820e-35c9-ac6b-a2b0b0f41b3e},forward,12,1.022927,1.118783,2.974824,0.000000
{23137bee-820e-35c9-ac6b-a2b0b0f41b3e},forward,13,1.038218,1.134073,2.975000,0.000000
{23137bee-820e-35c9-ac6b-a2b0b0f41b3e},forward,14,1.274145,1.370000,2.975000,0.000000
{2342449c-9957-3f3e-a5cb-cdba7c6edd2c},forward,0,0.000000,4.772349,2.975000,0.000000
{2342449c-9957-3f3e-a5cb-cdba7c6edd2c},forward,1,0.019546,4.791895,2.975000,0.000000
{235949ca-80d5-3947-899f-cbbfd4e1d015},forward,0,0.000000,6.530000,2.975000,0.000000
{235949ca-80d5-3947-899f-cbbfd4e1d015},forward,1,0.070000,6.600000,2.975000,0.000000
{238ee232-911b-3680-9140-764001a85f2a},backward,0,0.000000,7.200000,2.340627,0.000000
{238ee232-911b-3680-9140-764001a85f2a},backward,1,0.377192,7.189888,1.963571,0.000000
{238ee232-911b-3680-9140-764001a85f2a},backward,2,0.564053,7.172365,1.777533,0.000000
{238ee232-911b-3680-9140-764001a85f2a},backward,3,0.742345,7.141572,1.601920,0.000000
{238ee232-911b-3680-9140-764001a85f2a},backward,4,0.869033,7.108457,1.479637,0.000000
{238ee232-911b-3680-9140-764001a85f2a},backward,5,0.990009,7.066047,1.366338,0.000000
{238ee232-911b-3680-9140-764001a85f2a},backward,6,1.173621,6.977485,1.205496,0.000000
{238ee232-911b-3680-9140-764001a85f2a},backward,7,1.258842,6.925232,1.138175,0.000000
{238ee232-911b-3680-9140-764001a85f2a},backward,8,1.339326,6.868872,1.080718,0.000000
{238ee232-911b-3680-9140-764001a85f2a},backward,9,1.434052,6.793981,1.022716,0.000000
{238ee232-911b-3680-9140-764001a85f2a},backward,10,1.532297,6.709013,0.973394,0.000000
{238ee232-911b-3680-9140-764001a85f2a},backward,11,1.666142,6.585656,0.921459,0.000000
{238ee232-911b-3680-9140-764001a85f2a},backward,12,1.809026,6.448474,0.881496,0.000000
{238ee232-911b-3680-9140-764001a85f2a},backward,13,1.885819,6.373459,0.865069,0.000000
{251646c6-ab00-3c9c-86e8-4a18ec32fba7},backward,0,0.000000,4.277074,1.374181,0.000000
{251646c6-ab00-3c9c-86e8-4a18ec32fba7},backward,1,0.164034,4.441108,1.374202,0.000000
{278d42e4-a5fc-3026-aee9-78483516fd73},backward,0,0.000000,1.511893,0.577272,0.000000
{278d42e4-a5fc-3026-aee9-78483516fd73},backward,1,0.143671,1.368479,0.585870,0.000000
{278d42e4-a5fc-3026-aee9-78483516fd73},backward,2,0.283410,1.230033,0.604836,0.000000
{278d42e4-a5fc-3026-aee9-78483516fd73},backward,3,0.419184,1.098273,0.637603,0.000000
{278d42e4-a5fc-3026-aee9-78483516fd73},backward,4,0.550997,0.975994,0.686824,0.000000
{278d42e4-a5fc-3026-aee9-78483516fd73},backward,5,0.636203,0.902117,0.729277,0.000000
{278d42e4-a5fc-3026-aee9-78483516fd73},backward,6,0.719682,0.835568,0.779675,0.000000
{278d42e4-a5fc-3026-aee9-78483516fd73},backward,7,0.802686,0.777079,0.838571,0.000000
{278d42e4-a5fc-3026-aee9-78483516fd73},backward,8,0.887057,0.726616,0.906186,0.000000
{278d42e4-a5fc-3026-aee9-78483516fd73},backward,9,1.057580,0.651055,1.059055,0.000000
{278d42e4-a5fc-3026-aee9-78483516fd73},backward,10,1.234985,0.604782,1.230319,0.000000
{278d42e4-a5fc-3026-aee9-78483516fd73},backward,11,1.426101,0.581748,1.420041,0.000000
{278d42e4-a5fc-3026-aee9-78483516fd73},backward,12,1.615679,0.575357,1.609511,0.000000
{278d42e4-a5fc-3026-aee9-78483516fd73},backward,13,2.223145,0.575000,2.216977,0.000000
{2a9bc542-0e7f-32ab-a1cd-716779783e42},forward,0,0.000000,4.119156,3.265598,0.000000
{2a9bc542-0e7f-32ab-a1cd-716779783e42},forward,1,0.166761,4.119577,3.432358,0.000000
{2a9bc542-0e7f-32ab-a1cd-716779783e42},forward,2,0.170529,4.119537,3.436126,0.000000
{2a9bc542-0e7f-32ab-a1cd-716779783e42},forward,3,0.184362,4.118441,3.449916,0.000000
{2a9bc542-0e7f-32ab-a1cd-716779783e42},forward,4,0.211988,4.111833,3.476739,0.000000
{2a9bc542-0e7f-32ab-a1cd-716779783e42},forward,5,0.266916,4.082375,3.523101,0.000000
{2a9bc542-0e7f-32ab-a1cd-716779783e42},forward,6,0.321845,4.036194,3.552842,0.000000
{2a9bc542-0e7f-32ab-a1cd-716779783e42},forward,7,0.376774,3.981798,3.560480,0.000000
{2a9bc542-0e7f-32ab-a1cd-716779783e42},forward,8,0.431703,3.929213,3.544608,0.000000
{2a9bc542-0e7f-32ab-a1cd-716779783e42},forward,9,0.486632,3.888126,3.508152,0.000000
{2a9bc542-0e7f-32ab-a1cd-716779783e42},forward,10,0.541561,3.866109,3.457829,0.000000
{2a9bc542-0e7f-32ab-a1cd-716779783e42},forward,11,0.564095,3.863681,3.435426,0.000000
{2a9bc542-0e7f-32ab-a1cd-716779783e42},forward,12,0.564460,3.863673,3.435061,0.000000
{2a9bc542-0e7f-32ab-a1cd-716779783e42},forward,13,0.617532,3.855945,3.382555,0.000000
{2a9bc542-0e7f-32ab-a1cd-716779783e42},forward,14,0.655268,3.842726,3.347210,0.000000
{2a9bc542-0e7f-32ab-a1cd-716779783e42},forward,15,0.677343,3.832196,3.327808,0.000000
{2a9bc542-0e7f-32ab-a1cd-716779783e42},forward,16,0.732133,3.797895,3.285083,0.000000
{2a9bc542-0e7f-32ab-a1cd-716779783e42},forward,17,0.786923,3.753903,3.252423,0.000000
{2a9bc542-0e7f-32ab-a1cd-716779783e42},forward,18,0.841713,3.703081,3.231952,0.000000
{2a9bc542-0e7f-32ab-a1cd-716779783e42},forward,19,0.896582,3.648655,3.225000,0.000000
{2a9bc542-0e7f-32ab-a1cd-716779783e42},forward,20,0.999524,3.545713,3.225000,0.000000
{2a9bc542-0e7f-32ab-a1cd-716779783e42},forward,21,1.063342,3.481895,3.225000,0.000000
{2d34777d-b04a-3612-be64-f7a45c388396},forward,0,0.000000,6.511689,1.669997,0.000000
{2d34777d-b04a-3612-be64-f7a45c388396},forward,1,0.555719,5.955973,1.671856,0.000000
{2d34777d-b04a-3612-be64-f7a45c388396},forward,2,0.737595,5.774098,1.672380,0.000000
{2d34777d-b04a-3612-be64-f7a45c388396},forward,3,1.111731,5.399963,1.673250,0.000000
{2d34777d-b04a-3612-be64-f7a45c388396},forward,4,1.443749,5.067944,1.673787,0.000000
{2d34777d-b04a-3612-be64-f7a45c388396},forward,5,1.611140,4.900554,1.673975,0.000000
{2d34777d-b04a-3612-be64-f7a45c388396},forward,6,1.667750,4.843944,1.674026,0.000000
{2d9b7396-75ec-358f-a5f1-ba34b6bca5a4},forward,0,0.000000,6.620000,2.975000,0.000000
{2d9b7396-75ec-358f-a5f1-ba34b6bca5a4},forward,1,0.174515,6.793793,2.990853,0.000000
{2d9b7396-75ec-358f-a5f1-ba34b6bca5a4},forward,2,0.349029,6.961849,3.037890,0.000000
{2d9b7396-75ec-358f-a5f1-ba34b6bca5a4},forward,3,0.523544,7.118621,3.114559,0.000000
{2d9b7396-75ec-358f-a5f1-ba34b6bca5a4},forward,4,0.698059,7.258933,3.218327,0.000000
{2d9b7396-75ec-358f-a5f1-ba34b6bca5a4},forward,5,0.850053,7.364068,3.328094,0.000000
{2d9b7396-75ec-358f-a5f1-ba34b6bca5a4},forward,6,1.002047,7.450572,3.453072,0.000000
{2d9b7396-75ec-358f-a5f1-ba34b6bca5a4},forward,7,1.154042,7.516277,3.590130,0.000000
{2d9b7396-75ec-358f-a5f1-ba34b6bca5a4},forward,8,1.306018,7.559537,3.735820,0.000000
{2d9b7396-75ec-358f-a5f1-ba34b6bca5a4},forward,9,1.401026,7.579302,3.828750,0.000000
{2d9b7396-75ec-358f-a5f1-ba34b6bca5a4},forward,10,1.503237,7.600565,3.928724,0.000000
{2d9b7396-75ec-358f-a5f1-ba34b6bca5a4},forward,11,1.517476,7.603528,3.942652,0.000000
{2d9b7396-75ec-358f-a5f1-ba34b6bca5a4},forward,12,1.700461,7.641595,4.121633,0.000000
{2d9b7396-75ec-358f-a5f1-ba34b6bca5a4},forward,13,1.925922,7.670073,4.345288,0.000000
{2d9b7396-75ec-358f-a5f1-ba34b6bca5a4},forward,14,2.151383,7.661257,4.570576,0.000000
{2d9b7396-75ec-358f-a5f1-ba34b6bca5a4},forward,15,2.376844,7.615387,4.791322,0.000000
{2d9b7396-75ec-358f-a5f1-ba34b6bca5a4},forward,16,2.602304,7.533722,5.001473,0.000000
{2d9b7396-75ec-358f-a5f1-ba34b6bca5a4},forward,17,2.832179,7.415924,5.198870,0.000000
{2d9b7396-75ec-358f-a5f1-ba34b6bca5a4},forward,18,3.062053,7.266599,5.373639,0.000000
{2dd62432-f786-3a1a-a110-b3e948be9a8e},backward,0,0.000000,7.325000,2.350000,0.000000
{2dd62432-f786-3a1a-a110-b3e948be9a8e},backward,1,0.009372,7.325000,2.340627,0.000000
{2e5ac310-6ac1-3540-9344-1ce3ddefd2cf},forward,0,0.000000,0.325000,2.216977,0.000000
{2e5ac310-6ac1-3540-9344-1ce3ddefd2cf},forward,1,0.609796,0.325368,1.607181,0.000000
{2e5ac310-6ac1-3540-9344-1ce3ddefd2cf},forward,2,0.813868,0.332314,1.403228,0.000000
{2e5ac310-6ac1-3540-9344-1ce3ddefd2cf},forward,3,1.034328,0.359037,1.184393,0.000000
{2e5ac310-6ac1-3540-9344-1ce3ddefd2cf},forward,4,1.253769,0.416478,0.972603,0.000000
{2e5ac310-6ac1-3540-9344-1ce3ddefd2cf},forward,5,1.366111,0.460673,0.869320,0.000000
{2e5ac310-6ac1-3540-9344-1ce3ddefd2cf},forward,6,1.480133,0.516888,0.770119,0.000000
{2e5ac310-6ac1-3540-9344-1ce3ddefd2cf},forward,7,1.597995,0.587421,0.675691,0.000000
{2e5ac310-6ac1-3540-9344-1ce3ddefd2cf},forward,8,1.717194,0.671418,0.591116,0.000000
{2e5ac310-6ac1-3540-9344-1ce3ddefd2cf},forward,9,1.834027,0.764529,0.520544,0.000000
{2e5ac310-6ac1-3540-9344-1ce3ddefd2cf},forward,10,1.949154,0.864328,0.463148,0.000000
{2e5ac310-6ac1-3540-9344-1ce3ddefd2cf},forward,11,2.119605,1.022406,0.399393,0.000000
{2e5ac310-6ac1-3540-9344-1ce3ddefd2cf},forward,12,2.286197,1.184052,0.359100,0.000000
{2e5ac310-6ac1-3540-9344-1ce3ddefd2cf},forward,13,2.448932,1.345272,0.336950,0.000000
{2e5ac310-6ac1-3540-9344-1ce3ddefd2cf},forward,14,2.607767,1.503820,0.327403,0.000000
{2fe6aa94-1510-3275-b95b-4b9552801f3b},backward,0,0.000000,4.116087,2.050296,0.000000
{2fe6aa94-1510-3275-b95b-4b9552801f3b},backward,1,0.021689,4.116142,2.071985,0.000000
{30cc3cf6-75ca-3a2b-b980-0f8f4653d60d},backward,0,0.000000,0.575000,2.280000,0.000000
{30cc3cf6-75ca-3a2b-b980-0f8f4653d60d},backward,1,0.070000,0.575000,2.350000,0.000000
{30cc3cf6-75ca-3a2b-b980-0f8f4653d60d},backward,2,0.197985,0.575000,2.477985,0.000000
{30e9a4a9-d292-369e-8c47-af8817e7bee2},forward,0,0.000000,4.543723,5.675000,0.000000
{30e9a4a9-d292-369e-8c47-af8817e7bee2},forward,1,0.163738,4.380931,5.657436,0.000000
{30e9a4a9-d292-369e-8c47-af8817e7bee2},forward,2,0.327475,4.225631,5.605551,0.000000
{30e9a4a9-d292-369e-8c47-af8817e7bee2},forward,3,0.491213,4.084973,5.521735,0.000000
{30e9a4a9-d292-369e-8c47-af8817e7bee2},forward,4,0.654950,3.965430,5.409844,0.000000
{30e9a4a9-d292-369e-8c47-af8817e7bee2},forward,5,0.809329,3.877034,5.283278,0.000000
{30e9a4a9-d292-369e-8c47-af8817e7bee2},forward,6,0.963707,3.815918,5.141513,0.000000
{30e9a4a9-d292-369e-8c47-af8817e7bee2},forward,7,1.118085,3.784581,4.990349,0.000000
{30e9a4a9-d292-369e-8c47-af8817e7bee2},forward,8,1.272407,3.784300,4.836026,0.000000
{30e9a4a9-d292-369e-8c47-af8817e7bee2},forward,9,1.361155,3.793079,4.747714,0.000000
{30e9a4a9-d292-369e-8c47-af8817e7bee2},forward,10,1.418412,3.798743,4.690738,0.000000
{30e9a4a9-d292-369e-8c47-af8817e7bee2},forward,11,1.449901,3.801857,4.659404,0.000000
{30e9a4a9-d292-369e-8c47-af8817e7bee2},forward,12,1.517576,3.808385,4.592044,0.000000
{30e9a4a9-d292-369e-8c47-af8817e7bee2},forward,13,1.972126,3.843618,4.138861,0.000000
{30e9a4a9-d292-369e-8c47-af8817e7bee2},forward,14,2.426676,3.863836,3.684761,0.000000
{30e9a4a9-d292-369e-8c47-af8817e7bee2},forward,15,2.845242,3.869157,3.266229,0.000000
{317261be-5a4c-36c7-962d-a6c3b040e2fb},backward,0,0.000000,4.120813,3.921755,0.000000
{317261be-5a4c-36c7-962d-a6c3b040e2fb},backward,1,0.657935,4.122474,4.579687,0.000000
{33a6ca6a-93cc-39b6-a711-e7d7ff017342},forward,0,0.000000,7.266599,5.373639,0.000000
{33a6ca6a-93cc-39b6-a711-e7d7ff017342},forward,1,0.155999,7.145905,5.472476,0.000000
{33a6ca6a-93cc-39b6-a711-e7d7ff017342},forward,2,0.308996,7.012800,5.547916,0.000000
{33a6ca6a-93cc-39b6-a711-e7d7ff017342},forward,3,0.458985,6.872933,5.602082,0.000000
{33a6ca6a-93cc-39b6-a711-e7d7ff017342},forward,4,0.605959,6.730445,5.638114,0.000000
{33a6ca6a-93cc-39b6-a711-e7d7ff017342},forward,5,0.749911,6.588115,5.659662,0.000000
{33a6ca6a-93cc-39b6-a711-e7d7ff017342},forward,6,0.890836,6.447609,5.670528,0.000000
{33a6ca6a-93cc-39b6-a711-e7d7ff017342},forward,7,1.163567,6.174915,5.675000,0.000000
{33a6ca6a-93cc-39b6-a711-e7d7ff017342},forward,8,1.337196,6.001285,5.675000,0.000000
{33a6ca6a-93cc-39b6-a711-e7d7ff017342},forward,9,2.522896,4.815585,5.675000,0.000000
{342ce16e-c729-3950-8d5b-40b90658ec0e},backward,0,0.000000,4.815585,5.425000,0.000000
{342ce16e-c729-3950-8d5b-40b90658ec0e},backward,1,1.185700,6.001285,5.425000,0.000000
{342ce16e-c729-3950-8d5b-40b90658ec0e},backward,2,1.359330,6.174915,5.425000,0.000000
{342ce16e-c729-3950-8d5b-40b90658ec0e},backward,3,1.619895,6.435447,5.420824,0.000000
{342ce16e-c729-3950-8d5b-40b90658ec0e},backward,4,1.868097,6.682067,5.392840,0.000000
{342ce16e-c729-3950-8d5b-40b90658ec0e},backward,5,1.987692,6.798024,5.363568,0.000000
{342ce16e-c729-3950-8d5b-40b90658ec0e},backward,6,2.104222,6.906711,5.321542,0.000000
{342ce16e-c729-3950-8d5b-40b90658ec0e},backward,7,2.217684,7.005456,5.265657,0.000000
{342ce16e-c729-3950-8d5b-40b90658ec0e},backward,8,2.328076,7.090914,5.195777,0.000000
{3a24439d-fac6-3a8b-84c4-c7d9a74c4ce3},forward,0,0.000000,4.119156,3.265598,0.000000
{3a24439d-fac6-3a8b-84c4-c7d9a74c4ce3},forward,1,0.170000,4.119585,3.435598,0.000000
{3a24439d-fac6-3a8b-84c4-c7d9a74c4ce3},forward,2,0.261601,4.119817,3.527198,0.000000
{3a24439d-fac6-3a8b-84c4-c7d9a74c4ce3},forward,3,0.265198,4.119826,3.530795,0.000000
{3a24439d-fac6-3a8b-84c4-c7d9a74c4ce3},forward,4,0.438399,4.120263,3.703996,0.000000
{3a24439d-fac6-3a8b-84c4-c7d9a74c4ce3},forward,5,0.530396,4.120495,3.795993,0.000000
{3a4ec57a-c1c6-34b1-918d-82c5f22986f8},forward,0,0.000000,2.481895,2.975000,0.000000
{3a4ec57a-c1c6-34b1-918d-82c5f22986f8},forward,1,0.488002,2.969897,2.975000,0.000000
{3a4ec57a-c1c6-34b1-918d-82c5f22986f8},forward,2,0.688767,3.170662,2.975000,0.000000
{3f396bee-445b-3efa-bcfb-a8862c7904ec},backward,0,0.000000,4.000000,5.425000,0.000000
{3f396bee-445b-3efa-bcfb-a8862c7904ec},backward,1,0.140585,4.140585,5.425000,0.000000
{3f396bee-445b-3efa-bcfb-a8862c7904ec},backward,2,0.407793,4.407793,5.425000,0.000000
{3f396bee-445b-3efa-bcfb-a8862c7904ec},backward,3,0.410585,4.410585,5.425000,0.000000
{3f396bee-445b-3efa-bcfb-a8862c7904ec},backward,4,0.543723,4.543723,5.425000,0.000000
{3f89e5c6-67a5-3601-9668-658e157d4b2a},backward,0,0.000000,4.116659,2.276611,0.000000
{3f89e5c6-67a5-3601-9668-658e157d4b2a},backward,1,0.005144,4.116672,2.281755,0.000000
{40138542-df3a-3174-9d36-9d5838c99066},backward,0,0.000000,3.176596,5.425000,0.000000
{40138542-df3a-3174-9d36-9d5838c99066},backward,1,0.003404,3.180000,5.425000,0.000000
{40138542-df3a-3174-9d36-9d5838c99066},backward,2,0.138404,3.315000,5.425000,0.000000
{40138542-df3a-3174-9d36-9d5838c99066},backward,3,0.273279,3.449875,5.425000,0.000000
{411e73c7-9247-3a25-b8b6-da9c43abd266},forward,0,0.000000,0.325000,2.477985,0.000000
{411e73c7-9247-3a25-b8b6-da9c43abd266},forward,1,0.127985,0.325000,2.350000,0.000000
{411e73c7-9247-3a25-b8b6-da9c43abd266},forward,2,0.197985,0.325000,2.280000,0.000000
{45692e26-a4ea-3c9f-8525-e6f36f09e683},forward,0,0.000000,4.276986,1.674181,0.000000
{45692e26-a4ea-3c9f-8525-e6f36f09e683},forward,1,0.127293,4.149693,1.674128,0.000000
{45692e26-a4ea-3c9f-8525-e6f36f09e683},forward,2,0.127843,4.149144,1.674128,0.000000
{45692e26-a4ea-3c9f-8525-e6f36f09e683},forward,3,0.566928,3.710059,1.673699,0.000000
{46074810-9d02-30c5-a7f2-622cd6212e3e},forward,0,0.000000,4.807629,5.675000,0.000000
{46074810-9d02-30c5-a7f2-622cd6212e3e},forward,1,0.127044,4.680585,5.675000,0.000000
{46074810-9d02-30c5-a7f2-622cd6212e3e},forward,2,0.263905,4.543723,5.675000,0.000000
{4688b820-5ead-3b30-b8f7-b9edf48a7c08},backward,0,0.000000,4.116672,2.281755,0.000000
{4688b820-5ead-3b30-b8f7-b9edf48a7c08},backward,1,0.983846,4.119156,3.265598,0.000000
{4b4556f1-8058-34cb-8204-7c82f1111c3c},forward,0,0.000000,1.153417,2.975000,0.000000
{4b4556f1-8058-34cb-8204-7c82f1111c3c},forward,1,0.104869,1.258287,2.975000,0.000000
{4b4556f1-8058-34cb-8204-7c82f1111c3c},forward,2,0.216583,1.370000,2.975000,0.000000
{4b682127-60bd-33a1-966b-faf4f5c750d1},backward,0,0.000000,3.175805,3.225000,0.000000
{4b682127-60bd-33a1-966b-faf4f5c750d1},backward,1,0.005144,3.170662,3.225000,0.000000
{54023330-459e-323c-beae-81df9fbde295},forward,0,0.000000,0.325000,3.000000,0.000000
{54023330-459e-323c-beae-81df9fbde295},forward,1,0.130000,0.325000,2.870000,0.000000
{54023330-459e-323c-beae-81df9fbde295},forward,2,0.390000,0.325000,2.610000,0.000000
{54023330-459e-323c-beae-81df9fbde295},forward,3,0.520000,0.325000,2.480000,0.000000
{54023330-459e-323c-beae-81df9fbde295},forward,4,0.522015,0.325000,2.477985,0.000000
{54cc0275-26a1-36d3-a334-0918d57a2d24},forward,0,0.000000,4.815811,2.975000,0.000000
{54cc0275-26a1-36d3-a334-0918d57a2d24},forward,1,0.051616,4.867426,2.975000,0.000000
{54cc0275-26a1-36d3-a334-0918d57a2d24},forward,2,0.051616,4.867426,2.975000,0.000000
{5792a6d9-dc0d-3e85-a96c-2bdf591270d7},forward,0,0.000000,5.100000,2.975000,0.000000
{5792a6d9-dc0d-3e85-a96c-2bdf591270d7},forward,1,1.430000,6.530000,2.975000,0.000000
{57e997d7-f91a-3111-86b7-0829931085c7},forward,0,0.000000,3.541692,1.673453,0.000000
{57e997d7-f91a-3111-86b7-0829931085c7},forward,1,0.264696,3.276996,1.673025,0.000000
{57e997d7-f91a-3111-86b7-0829931085c7},forward,2,0.398215,3.143478,1.672804,0.000000
{5d6aa09d-674b-374e-893c-e5e51d84853d},forward,0,0.000000,7.575000,2.340627,0.000000
{5d6aa09d-674b-374e-893c-e5e51d84853d},forward,1,0.009372,7.575000,2.350000,0.000000
{5e908d81-9ee6-3afb-b55c-13d1d315612b},forward,0,0.000000,3.869157,3.266229,0.000000
{5e908d81-9ee6-3afb-b55c-13d1d315612b},forward,1,0.983846,3.866672,2.282386,0.000000
{607562fd-74b5-35cf-aa7d-8a239f20bbc1},forward,0,0.000000,3.866150,2.075639,0.000000
{607562fd-74b5-35cf-aa7d-8a239f20bbc1},forward,1,0.003023,3.866143,2.072616,0.000000
{61233b2c-e5d4-336b-b31b-0463a10b0e9c},backward,0,0.000000,4.543723,5.425000,0.000000
{61233b2c-e5d4-336b-b31b-0463a10b0e9c},backward,1,0.136862,4.680585,5.425000,0.000000
{61233b2c-e5d4-336b-b31b-0463a10b0e9c},backward,2,0.263905,4.807629,5.425000,0.000000
{65f523fc-2e5f-3565-9a92-f5c3cef60e28},backward,0,0.000000,3.311895,3.225000,0.000000
{65f523fc-2e5f-3565-9a92-f5c3cef60e28},backward,1,0.136089,3.175805,3.225000,0.000000
{6789762e-ebe9-33e6-8167-d529a7b5a473},forward,0,0.000000,3.866088,2.050927,0.000000
{6789762e-ebe9-33e6-8167-d529a7b5a473},forward,1,0.029045,3.865927,2.021883,0.000000
{6789762e-ebe9-33e6-8167-d529a7b5a473},forward,2,0.058345,3.866435,1.992587,0.000000
{6789762e-ebe9-33e6-8167-d529a7b5a473},forward,3,0.087841,3.867628,1.963115,0.000000
{6789762e-ebe9-33e6-8167-d529a7b5a473},forward,4,0.117474,3.869523,1.933543,0.000000
{6789762e-ebe9-33e6-8167-d529a7b5a473},forward,5,0.147184,3.872138,1.903948,0.000000
{6789762e-ebe9-33e6-8167-d529a7b5a473},forward,6,0.176916,3.875489,1.874405,0.000000
{6789762e-ebe9-33e6-8167-d529a7b5a473},forward,7,0.206615,3.879594,1.844991,0.000000
{6789762e-ebe9-33e6-8167-d529a7b5a473},forward,8,0.236228,3.884470,1.815782,0.000000
{6789762e-ebe9-33e6-8167-d529a7b5a473},forward,9,0.265706,3.890134,1.786854,0.000000
{6789762e-ebe9-33e6-8167-d529a7b5a473},forward,10,0.295000,3.896602,1.758283,0.000000
{6789762e-ebe9-33e6-8167-d529a7b5a473},forward,11,0.324067,3.903892,1.730145,0.000000
{6789762e-ebe9-33e6-8167-d529a7b5a473},forward,12,0.352866,3.912021,1.702517,0.000000
{6789762e-ebe9-33e6-8167-d529a7b5a473},forward,13,0.381362,3.921007,1.675474,0.000000
{6789762e-ebe9-33e6-8167-d529a7b5a473},forward,14,0.409525,3.930865,1.649093,0.000000
{6789762e-ebe9-33e6-8167-d529a7b5a473},forward,15,0.437330,3.941613,1.623450,0.000000
{6789762e-ebe9-33e6-8167-d529a7b5a473},forward,16,0.464759,3.953269,1.598621,0.000000
{6789762e-ebe9-33e6-8167-d529a7b5a473},forward,17,0.491802,3.965849,1.574682,0.000000
{6789762e-ebe9-33e6-8167-d529a7b5a473},forward,18,0.518459,3.979371,1.551709,0.000000
{6789762e-ebe9-33e6-8167-d529a7b5a473},forward,19,0.544739,3.993851,1.529778,0.000000
{6789762e-ebe9-33e6-8167-d529a7b5a473},forward,20,0.570662,4.009306,1.508966,0.000000
{6789762e-ebe9-33e6-8167-d529a7b5a473},forward,21,0.596262,4.025754,1.489349,0.000000
{6789762e-ebe9-33e6-8167-d529a7b5a473},forward,22,0.621587,4.043212,1.471003,0.000000
{6789762e-ebe9-33e6-8167-d529a7b5a473},forward,23,0.646700,4.061696,1.454003,0.000000
{6789762e-ebe9-33e6-8167-d529a7b5a473},forward,24,0.671680,4.081224,1.438426,0.000000
{6789762e-ebe9-33e6-8167-d529a7b5a473},forward,25,0.696621,4.101813,1.424349,0.000000
{6789762e-ebe9-33e6-8167-d529a7b5a473},forward,26,0.721636,4.123480,1.411847,0.000000
{6789762e-ebe9-33e6-8167-d529a7b5a473},forward,27,0.746852,4.146242,1.400997,0.000000
{6789762e-ebe9-33e6-8167-d529a7b5a473},forward,28,0.772410,4.170116,1.391874,0.000000
{6789762e-ebe9-33e6-8167-d529a7b5a473},forward,29,0.798462,4.195119,1.384555,0.000000
{6789762e-ebe9-33e6-8167-d529a7b5a473},forward,30,0.825171,4.221268,1.379115,0.000000
{6789762e-ebe9-33e6-8167-d529a7b5a473},forward,31,0.852705,4.248581,1.375632,0.000000
{6789762e-ebe9-33e6-8167-d529a7b5a473},forward,32,0.881234,4.277074,1.374181,0.000000
{6b249816-be3f-3c6d-a125-96bf25d13f79},forward,0,0.000000,3.449875,5.675000,0.000000
{6b249816-be3f-3c6d-a125-96bf25d13f79},forward,1,0.134875,3.315000,5.675000,0.000000
{6b249816-be3f-3c6d-a125-96bf25d13f79},forward,2,0.269875,3.180000,5.675000,0.000000
{6b249816-be3f-3c6d-a125-96bf25d13f79},forward,3,0.273279,3.176596,5.675000,0.000000
{6d16f79a-a358-3d03-beb1-20ebacd4dbdc},backward,0,0.000000,4.119156,3.265598,0.000000
{6d16f79a-a358-3d03-beb1-20ebacd4dbdc},backward,1,0.530396,4.120495,3.795993,0.000000
{6e1f1f12-282d-3d66-a0c4-a7622a684b9f},backward,0,0.000000,4.815811,3.225000,0.000000
{6e1f1f12-282d-3d66-a0c4-a7622a684b9f},backward,1,0.004141,4.811669,3.225000,0.000000
{70d6262f-cf98-39bb-b6c6-cd47fcd6e62d},forward,0,0.000000,4.441118,1.674202,0.000000
{70d6262f-cf98-39bb-b6c6-cd47fcd6e62d},forward,1,0.164132,4.276986,1.674181,0.000000
{7632f752-06f5-3494-804d-715cd858c96c},backward,0,0.000000,7.090914,5.195777,0.000000
{7632f752-06f5-3494-804d-715cd858c96c},backward,1,0.003436,7.093352,5.193355,0.000000
{7632f752-06f5-3494-804d-715cd858c96c},backward,2,0.084297,7.146392,5.132320,0.000000
{7632f752-06f5-3494-804d-715cd858c96c},backward,3,0.166810,7.191940,5.063518,0.000000
{7632f752-06f5-3494-804d-715cd858c96c},backward,4,0.305776,7.250251,4.937378,0.000000
{7632f752-06f5-3494-804d-715cd858c96c},backward,5,0.449231,7.289303,4.799340,0.000000
{7632f752-06f5-3494-804d-715cd858c96c},backward,6,0.575948,7.309623,4.674263,0.000000
{7632f752-06f5-3494-804d-715cd858c96c},backward,7,0.705950,7.320356,4.544705,0.000000
{7632f752-06f5-3494-804d-715cd858c96c},backward,8,0.975775,7.325000,4.274920,0.000000
{7632f752-06f5-3494-804d-715cd858c96c},backward,9,1.198383,7.325000,4.052312,0.000000
{7632f752-06f5-3494-804d-715cd858c96c},backward,10,1.330695,7.325000,3.920000,0.000000
{78051476-0521-3558-87d5-ae9abf0d691f},forward,0,0.000000,3.176596,5.425000,0.000000
{78051476-0521-3558-87d5-ae9abf0d691f},forward,1,0.099722,3.276021,5.417314,0.000000
{78051476-0521-3558-87d5-ae9abf0d691f},forward,2,0.199444,3.373084,5.394437,0.000000
{78051476-0521-3558-87d5-ae9abf0d691f},forward,3,0.299166,3.465477,5.356915,0.000000
{78051476-0521-3558-87d5-ae9abf0d691f},forward,4,0.398888,3.551006,5.305637,0.000000
{78051476-0521-3558-87d5-ae9abf0d691f},forward,5,0.543343,3.658735,5.209400,0.000000
{78051476-0521-3558-87d5-ae9abf0d691f},forward,6,0.687798,3.742422,5.091655,0.000000
{78051476-0521-3558-87d5-ae9abf0d691f},forward,7,0.832254,3.797894,4.958275,0.000000
{78051476-0521-3558-87d5-ae9abf0d691f},forward,8,0.976748,3.822387,4.815872,0.000000
{78051476-0521-3558-87d5-ae9abf0d691f},forward,9,1.028432,3.825424,4.764277,0.000000
{78051476-0521-3558-87d5-ae9abf0d691f},forward,10,1.080115,3.828461,4.712683,0.000000
{78051476-0521-3558-87d5-ae9abf0d691f},forward,11,1.153182,3.832640,4.639736,0.000000
{78051476-0521-3558-87d5-ae9abf0d691f},forward,12,1.158441,3.832932,4.634485,0.000000
{78051476-0521-3558-87d5-ae9abf0d691f},forward,13,2.095374,3.866296,3.698147,0.000000
{78051476-0521-3558-87d5-ae9abf0d691f},forward,14,2.527301,3.869157,3.266229,0.000000
{7aa0615d-0a7d-3265-ac8e-33a1d5abffa5},forward,0,0.000000,6.600000,2.975000,0.000000
{7aa0615d-0a7d-3265-ac8e-33a1d5abffa5},forward,1,0.284872,6.884872,2.975000,0.000000
{7aa0615d-0a7d-3265-ac8e-33a1d5abffa5},forward,2,0.367779,6.967540,2.968717,0.000000
{7aa0615d-0a7d-3265-ac8e-33a1d5abffa5},forward,3,0.486682,7.082419,2.938043,0.000000
{7aa0615d-0a7d-3265-ac8e-33a1d5abffa5},forward,4,0.613844,7.194815,2.878567,0.000000
{7aa0615d-0a7d-3265-ac8e-33a1d5abffa5},forward,5,0.622989,7.202301,2.873315,0.000000
{7aa0615d-0a7d-3265-ac8e-33a1d5abffa5},forward,6,0.692460,7.253653,2.826526,0.000000
{7aa0615d-0a7d-3265-ac8e-33a1d5abffa5},forward,7,0.761924,7.292538,2.768966,0.000000
{7aa0615d-0a7d-3265-ac8e-33a1d5abffa5},forward,8,0.831387,7.316775,2.703868,0.000000
{7aa0615d-0a7d-3265-ac8e-33a1d5abffa5},forward,9,0.900871,7.325000,2.634872,0.000000
{7aa0615d-0a7d-3265-ac8e-33a1d5abffa5},forward,10,0.952955,7.325000,2.582789,0.000000
{7aa0615d-0a7d-3265-ac8e-33a1d5abffa5},forward,11,1.185744,7.325000,2.350000,0.000000
{7aa3b7f6-14d4-324f-b814-3bfa8a5d683e},backward,0,0.000000,0.576805,3.935753,0.000000
{7aa3b7f6-14d4-324f-b814-3bfa8a5d683e},backward,1,0.006653,0.576950,3.942404,0.000000
{7aa3b7f6-14d4-324f-b814-3bfa8a5d683e},backward,2,0.336114,0.597820,4.271204,0.000000
{7aa3b7f6-14d4-324f-b814-3bfa8a5d683e},backward,3,0.491378,0.621282,4.424685,0.000000
{7aa3b7f6-14d4-324f-b814-3bfa8a5d683e},backward,4,0.644482,0.656534,4.573675,0.000000
{7aa3b7f6-14d4-324f-b814-3bfa8a5d683e},backward,5,0.801270,0.707678,4.721888,0.000000
{7aa3b7f6-14d4-324f-b814-3bfa8a5d683e},backward,6,0.955721,0.775205,4.860794,0.000000
{7aa3b7f6-14d4-324f-b814-3bfa8a5d683e},backward,7,1.086816,0.847140,4.970390,0.000000
{7aa3b7f6-14d4-324f-b814-3bfa8a5d683e},backward,8,1.216175,0.931858,5.068149,0.000000
{7aa3b7f6-14d4-324f-b814-3bfa8a5d683e},backward,9,1.299957,0.993807,5.124556,0.000000
{7aa3b7f6-14d4-324f-b814-3bfa8a5d683e},backward,10,1.303583,0.996779,5.126632,0.000000
{7d5647b7-d851-310a-846e-973bd0396fdc},backward,0,0.000000,4.116149,2.075007,0.000000
{7d5647b7-d851-310a-846e-973bd0396fdc},backward,1,0.190595,4.116631,2.265601,0.000000
{7fbba338-806a-3254-bab8-1d5c1b9bc361},forward,0,0.000000,7.575000,2.560418,0.000000
{7fbba338-806a-3254-bab8-1d5c1b9bc361},forward,1,0.109895,7.575000,2.670314,0.000000
{7fbba338-806a-3254-bab8-1d5c1b9bc361},forward,2,0.110105,7.575000,2.670523,0.000000
{7fbba338-806a-3254-bab8-1d5c1b9bc361},forward,3,0.110314,7.575000,2.670732,0.000000
{7fbba338-806a-3254-bab8-1d5c1b9bc361},forward,4,0.330105,7.575000,2.890523,0.000000
{7fbba338-806a-3254-bab8-1d5c1b9bc361},forward,5,0.439582,7.575000,3.000000,0.000000
{80afe9e1-fbda-3cc4-83c9-0be05e4e49d5},backward,0,0.000000,1.519965,0.827142,0.000000
{80afe9e1-fbda-3cc4-83c9-0be05e4e49d5},backward,1,0.128562,1.391555,0.833389,0.000000
{80afe9e1-fbda-3cc4-83c9-0be05e4e49d5},backward,2,0.245699,1.275023,0.845275,0.000000
{80afe9e1-fbda-3cc4-83c9-0be05e4e49d5},backward,3,0.351901,1.170629,0.864789,0.000000
{80afe9e1-fbda-3cc4-83c9-0be05e4e49d5},backward,4,0.447851,1.078912,0.892975,0.000000
{80afe9e1-fbda-3cc4-83c9-0be05e4e49d5},backward,5,0.560443,0.978440,0.943792,0.000000
{80afe9e1-fbda-3cc4-83c9-0be05e4e49d5},backward,6,0.669820,0.896838,1.016623,0.000000
{80afe9e1-fbda-3cc4-83c9-0be05e4e49d5},backward,7,0.797797,0.827118,1.123941,0.000000
{80afe9e1-fbda-3cc4-83c9-0be05e4e49d5},backward,8,0.945629,0.774210,1.261982,0.000000
{80afe9e1-fbda-3cc4-83c9-0be05e4e49d5},backward,9,1.117953,0.738799,1.430628,0.000000
{80afe9e1-fbda-3cc4-83c9-0be05e4e49d5},backward,10,1.299148,0.720146,1.610860,0.000000
{80afe9e1-fbda-3cc4-83c9-0be05e4e49d5},backward,11,1.905600,0.700000,2.216977,0.000000
{8255e25d-c32e-3396-9260-b0939027a091},forward,0,0.000000,7.575000,2.350000,0.000000
{8255e25d-c32e-3396-9260-b0939027a091},forward,1,0.100732,7.575000,2.450732,0.000000
{8255e25d-c32e-3396-9260-b0939027a091},forward,2,0.210418,7.575000,2.560418,0.000000
{82bb4345-b8e5-3140-9bef-502824194b4c},backward,0,0.000000,7.325000,2.560418,0.000000
{82bb4345-b8e5-3140-9bef-502824194b4c},backward,1,0.109686,7.325000,2.450732,0.000000
{82bb4345-b8e5-3140-9bef-502824194b4c},backward,2,0.210418,7.325000,2.350000,0.000000
{82e38702-6749-3f64-8322-9e294a1ba678},forward,0,0.000000,1.370000,2.975000,0.000000
{82e38702-6749-3f64-8322-9e294a1ba678},forward,1,0.001703,1.371703,2.975000,0.000000
{840b03f1-d9bb-3da0-877e-6835bb5e1616},backward,0,0.000000,0.996779,5.126632,0.000000
{840b03f1-d9bb-3da0-877e-6835bb5e1616},backward,1,0.160324,1.128218,5.218435,0.000000
{840b03f1-d9bb-3da0-877e-6835bb5e1616},backward,2,0.327048,1.277748,5.292172,0.000000
{840b03f1-d9bb-3da0-877e-6835bb5e1616},backward,3,0.496507,1.438162,5.346800,0.000000
{840b03f1-d9bb-3da0-877e-6835bb5e1616},backward,4,0.668697,1.606201,5.384375,0.000000
{840b03f1-d9bb-3da0-877e-6835bb5e1616},backward,5,0.843612,1.779562,5.407640,0.000000
{840b03f1-d9bb-3da0-877e-6835bb5e1616},backward,6,1.021249,1.956783,5.419796,0.000000
{840b03f1-d9bb-3da0-877e-6835bb5e1616},backward,7,1.384653,2.320149,5.425000,0.000000
{840b03f1-d9bb-3da0-877e-6835bb5e1616},backward,8,2.239316,3.174813,5.425000,0.000000
{84c31fc3-f8c7-366c-a4f4-48e8186e65be},backward,0,0.000000,7.325000,3.920000,0.000000
{84c31fc3-f8c7-366c-a4f4-48e8186e65be},backward,1,0.920000,7.325000,3.000000,0.000000
{858ddf59-0553-3bfe-8a4a-007d9519a5f6},forward,0,0.000000,4.843944,1.674026,0.000000
{858ddf59-0553-3bfe-8a4a-007d9519a5f6},forward,1,0.306650,4.537294,1.674190,0.000000
{858ddf59-0553-3bfe-8a4a-007d9519a5f6},forward,2,0.402825,4.441118,1.674202,0.000000
{86c90519-5442-3557-a1a6-0300bfe276c7},forward,0,0.000000,4.000000,0.325000,0.000000
{86c90519-5442-3557-a1a6-0300bfe276c7},forward,1,0.415000,4.415000,0.325000,0.000000
{86c90519-5442-3557-a1a6-0300bfe276c7},forward,2,1.224679,5.224679,0.325000,0.000000
{86c90519-5442-3557-a1a6-0300bfe276c7},forward,3,1.225000,5.225000,0.325000,0.000000
{86c90519-5442-3557-a1a6-0300bfe276c7},forward,4,2.039471,6.039462,0.328796,0.000000
{86c90519-5442-3557-a1a6-0300bfe276c7},forward,5,2.254636,6.254166,0.342865,0.000000
{86c90519-5442-3557-a1a6-0300bfe276c7},forward,6,2.473775,6.470985,0.374672,0.000000
{8842f179-8138-3b45-bf5d-dc904892bd2e},backward,0,0.000000,3.481895,3.225000,0.000000
{8842f179-8138-3b45-bf5d-dc904892bd2e},backward,1,0.170000,3.311895,3.225000,0.000000
{8ac7a352-1683-3a54-9a41-9cc2acd5d423},backward,0,0.000000,4.000000,0.825000,0.000000
{8ac7a352-1683-3a54-9a41-9cc2acd5d423},backward,1,0.001437,3.998563,0.825000,0.000000
{8ac7a352-1683-3a54-9a41-9cc2acd5d423},backward,2,1.246078,2.753922,0.825000,0.000000
{8ac7a352-1683-3a54-9a41-9cc2acd5d423},backward,3,1.662875,2.337125,0.825000,0.000000
{8ac7a352-1683-3a54-9a41-9cc2acd5d423},backward,4,2.009745,1.990255,0.825000,0.000000
{8ac7a352-1683-3a54-9a41-9cc2acd5d423},backward,5,2.409569,1.590431,0.825587,0.000000
{8ac7a352-1683-3a54-9a41-9cc2acd5d423},backward,6,2.480052,1.519965,0.827142,0.000000
{8f527a58-8675-3da7-8125-b96c43528e73},backward,0,0.000000,3.174813,5.425000,0.000000
{8f527a58-8675-3da7-8125-b96c43528e73},backward,1,0.001783,3.176596,5.425000,0.000000
{90a5fd41-0552-3aa1-89b4-08079c2711d8},forward,0,0.000000,4.122474,4.579687,0.000000
{90a5fd41-0552-3aa1-89b4-08079c2711d8},forward,1,0.218726,4.123027,4.798413,0.000000
{90a5fd41-0552-3aa1-89b4-08079c2711d8},forward,2,0.353649,4.134466,4.932850,0.000000
{90a5fd41-0552-3aa1-89b4-08079c2711d8},forward,3,0.462593,4.159713,5.038828,0.000000
{90a5fd41-0552-3aa1-89b4-08079c2711d8},forward,4,0.571536,4.198798,5.140518,0.000000
{90a5fd41-0552-3aa1-89b4-08079c2711d8},forward,5,0.692530,4.257591,5.246269,0.000000
{90a5fd41-0552-3aa1-89b4-08079c2711d8},forward,6,0.696160,4.259597,5.249294,0.000000
{90a5fd41-0552-3aa1-89b4-08079c2711d8},forward,7,0.783487,4.315905,5.316042,0.000000
{90a5fd41-0552-3aa1-89b4-08079c2711d8},forward,8,0.870813,4.385463,5.368839,0.000000
{90a5fd41-0552-3aa1-89b4-08079c2711d8},forward,9,0.958140,4.464895,5.405121,0.000000
{90a5fd41-0552-3aa1-89b4-08079c2711d8},forward,10,1.045466,4.550346,5.423126,0.000000
{90a5fd41-0552-3aa1-89b4-08079c2711d8},forward,11,1.084068,4.588903,5.425000,0.000000
{90a5fd41-0552-3aa1-89b4-08079c2711d8},forward,12,1.302795,4.807629,5.425000,0.000000
{9153a3be-1116-3149-9e76-3f7f86502e6a},forward,0,0.000000,3.481895,2.975000,0.000000
{9153a3be-1116-3149-9e76-3f7f86502e6a},forward,1,0.471998,3.953892,2.975000,0.000000
{9153a3be-1116-3149-9e76-3f7f86502e6a},forward,2,0.475858,3.957752,2.975000,0.000000
{9153a3be-1116-3149-9e76-3f7f86502e6a},forward,3,0.478002,3.959897,2.975000,0.000000
{9153a3be-1116-3149-9e76-3f7f86502e6a},forward,4,1.290454,4.772349,2.975000,0.000000
{9153a3be-1116-3149-9e76-3f7f86502e6a},forward,5,1.290454,4.772349,2.975000,0.000000
{91ca2aef-915a-396f-8959-0f8db7572024},forward,0,0.000000,0.326861,3.941071,0.000000
{91ca2aef-915a-396f-8959-0f8db7572024},forward,1,0.261216,0.325000,3.679862,0.000000
{91ca2aef-915a-396f-8959-0f8db7572024},forward,2,0.941078,0.325000,3.000000,0.000000
{922eb5b8-6caa-3cdf-ac51-5f9e06010600},backward,0,0.000000,1.371703,3.225000,0.000000
{922eb5b8-6caa-3cdf-ac51-5f9e06010600},backward,1,0.001703,1.370000,3.225000,0.000000
{92534da4-da6b-33d9-9b33-3c8a294b3072},forward,0,0.000000,3.175805,2.975000,0.000000
{92534da4-da6b-33d9-9b33-3c8a294b3072},forward,1,0.136089,3.311895,2.975000,0.000000
{925d0f30-1e15-31b8-a611-04e99138d8fc},forward,0,0.000000,4.811669,2.975000,0.000000
{925d0f30-1e15-31b8-a611-04e99138d8fc},forward,1,0.004141,4.815811,2.975000,0.000000
{9477ae27-d456-30ad-83c6-9732581f9af6},forward,0,0.000000,6.470985,0.374672,0.000000
{9477ae27-d456-30ad-83c6-9732581f9af6},forward,1,0.105142,6.573497,0.398041,0.000000
{9477ae27-d456-30ad-83c6-9732581f9af6},forward,2,0.313462,6.771443,0.462959,0.000000
{9477ae27-d456-30ad-83c6-9732581f9af6},forward,3,0.525171,6.960895,0.557452,0.000000
{9477ae27-d456-30ad-83c6-9732581f9af6},forward,4,0.691713,7.096961,0.653485,0.000000
{9477ae27-d456-30ad-83c6-9732581f9af6},forward,5,0.859996,7.218338,0.770047,0.000000
{9477ae27-d456-30ad-83c6-9732581f9af6},forward,6,0.995781,7.302193,0.876845,0.000000
{9477ae27-d456-30ad-83c6-9732581f9af6},forward,7,1.130240,7.372537,0.991436,0.000000
{9477ae27-d456-30ad-83c6-9732581f9af6},forward,8,1.263341,7.429999,1.111494,0.000000
{9477ae27-d456-30ad-83c6-9732581f9af6},forward,9,1.395083,7.475565,1.235106,0.000000
{9477ae27-d456-30ad-83c6-9732581f9af6},forward,10,1.554858,7.517020,1.389408,0.000000
{9477ae27-d456-30ad-83c6-9732581f9af6},forward,11,1.712590,7.544934,1.544651,0.000000
{9477ae27-d456-30ad-83c6-9732581f9af6},forward,12,1.921139,7.565832,1.752150,0.000000
{9477ae27-d456-30ad-83c6-9732581f9af6},forward,13,2.126015,7.573725,1.956874,0.000000
{9477ae27-d456-30ad-83c6-9732581f9af6},forward,14,2.509771,7.575000,2.340627,0.000000
{97d85369-9c81-32c9-b684-1fb5b9835940},forward,0,0.000000,4.867426,3.225000,0.000000
{97d85369-9c81-32c9-b684-1fb5b9835940},forward,1,0.118569,4.748857,3.225000,0.000000
{97d85369-9c81-32c9-b684-1fb5b9835940},forward,2,0.207224,4.660519,3.232479,0.000000
{97d85369-9c81-32c9-b684-1fb5b9835940},forward,3,0.295870,4.574707,3.254715,0.000000
{97d85369-9c81-32c9-b684-1fb5b9835940},forward,4,0.395402,4.484361,3.296482,0.000000
{97d85369-9c81-32c9-b684-1fb5b9835940},forward,5,0.497006,4.401960,3.355922,0.000000
{97d85369-9c81-32c9-b684-1fb5b9835940},forward,6,0.585940,4.340425,3.420131,0.000000
{97d85369-9c81-32c9-b684-1fb5b9835940},forward,7,0.674874,4.290612,3.493806,0.000000
{97d85369-9c81-32c9-b684-1fb5b9835940},forward,8,0.726448,4.260485,3.535665,0.000000
{97d85369-9c81-32c9-b684-1fb5b9835940},forward,9,0.778252,4.221421,3.569689,0.000000
{97d85369-9c81-32c9-b684-1fb5b9835940},forward,10,0.830056,4.175606,3.593869,0.000000
{97d85369-9c81-32c9-b684-1fb5b9835940},forward,11,0.881859,4.125473,3.606920,0.000000
{97d85369-9c81-32c9-b684-1fb5b9835940},forward,12,0.933663,4.073684,3.608149,0.000000
{97d85369-9c81-32c9-b684-1fb5b9835940},forward,13,0.985467,4.022988,3.597493,0.000000
{97d85369-9c81-32c9-b684-1fb5b9835940},forward,14,1.037271,3.976077,3.575515,0.000000
{97d85369-9c81-32c9-b684-1fb5b9835940},forward,15,1.089075,3.935442,3.543383,0.000000
{97d85369-9c81-32c9-b684-1fb5b9835940},forward,16,1.176660,3.886697,3.470617,0.000000
{97d85369-9c81-32c9-b684-1fb5b9835940},forward,17,1.264193,3.869456,3.384799,0.000000
{97d85369-9c81-32c9-b684-1fb5b9835940},forward,18,1.382762,3.869157,3.266229,0.000000
{9d564438-ca4a-388f-9b5a-077d63bb940b},backward,0,0.000000,3.542155,1.373454,0.000000
{9d564438-ca4a-388f-9b5a-077d63bb940b},backward,1,0.168311,3.710466,1.373699,0.000000
{9d6d87d3-9ff9-3441-899b-d20064845bdb},forward,0,0.000000,4.122474,4.579687,0.000000
{9d6d87d3-9ff9-3441-899b-d20064845bdb},forward,1,0.247405,4.123099,4.827092,0.000000
{9d6d87d3-9ff9-3441-899b-d20064845bdb},forward,2,0.263706,4.123140,4.843393,0.000000
{9d6d87d3-9ff9-3441-899b-d20064845bdb},forward,3,0.683947,4.104897,5.263238,0.000000
{9d6d87d3-9ff9-3441-899b-d20064845bdb},forward,4,0.719736,4.101563,5.298871,0.000000
{9d6d87d3-9ff9-3441-899b-d20064845bdb},forward,5,0.748872,4.098643,5.327860,0.000000
{9d6d87d3-9ff9-3441-899b-d20064845bdb},forward,6,0.819755,4.084901,5.397398,0.000000
{9d6d87d3-9ff9-3441-899b-d20064845bdb},forward,7,0.890667,4.058697,5.463291,0.000000
{9d6d87d3-9ff9-3441-899b-d20064845bdb},forward,8,0.961580,4.020911,5.523299,0.000000
{9d6d87d3-9ff9-3441-899b-d20064845bdb},forward,9,1.032493,3.972814,5.575406,0.000000
{9d6d87d3-9ff9-3441-899b-d20064845bdb},forward,10,1.103405,3.916018,5.617866,0.000000
{9d6d87d3-9ff9-3441-899b-d20064845bdb},forward,11,1.174318,3.852430,5.649252,0.000000
{9d6d87d3-9ff9-3441-899b-d20064845bdb},forward,12,1.245230,3.784183,5.668512,0.000000
{9d6d87d3-9ff9-3441-899b-d20064845bdb},forward,13,1.316129,3.713581,5.675000,0.000000
{9d6d87d3-9ff9-3441-899b-d20064845bdb},forward,14,1.328465,3.701246,5.675000,0.000000
{9d6d87d3-9ff9-3441-899b-d20064845bdb},forward,15,1.579835,3.449875,5.675000,0.000000
{9f8b1b7e-0b59-3fc0-8bd6-5331d2183088},forward,0,0.000000,4.815585,5.675000,0.000000
{9f8b1b7e-0b59-3fc0-8bd6-5331d2183088},forward,1,0.007956,4.807629,5.675000,0.000000
{a0af5911-f04e-39c4-968b-cc86bb49c515},forward,0,0.000000,1.371703,2.975000,0.000000
{a0af5911-f04e-39c4-968b-cc86bb49c515},forward,1,0.000024,1.371728,2.975000,0.000000
{a0af5911-f04e-39c4-968b-cc86bb49c515},forward,2,0.213423,1.585126,2.975000,0.000000
{a30a4456-8c80-34b5-bde4-f43494272aaf},backward,0,0.000000,3.710466,1.373699,0.000000
{a30a4456-8c80-34b5-bde4-f43494272aaf},backward,1,0.438842,4.149308,1.374128,0.000000
{a30a4456-8c80-34b5-bde4-f43494272aaf},backward,2,0.439391,4.149857,1.374128,0.000000
{a30a4456-8c80-34b5-bde4-f43494272aaf},backward,3,0.566608,4.277074,1.374181,0.000000
{a3655513-043c-337a-aecf-df92488f276e},forward,0,0.000000,3.866632,2.266233,0.000000
{a3655513-043c-337a-aecf-df92488f276e},forward,1,0.190595,3.866150,2.075639,0.000000
{a3bfca82-750c-358f-a988-00ee20f634d4},forward,0,0.000000,3.710466,1.373699,0.000000
{a3bfca82-750c-358f-a988-00ee20f634d4},forward,1,0.253676,3.964132,1.371429,0.000000
{a3bfca82-750c-358f-a988-00ee20f634d4},forward,2,0.336472,4.046912,1.369788,0.000000
{a3bfca82-750c-358f-a988-00ee20f634d4},forward,3,0.360682,4.070512,1.375189,0.000000
{a3bfca82-750c-358f-a988-00ee20f634d4},forward,4,0.387156,4.086512,1.396280,0.000000
{a3bfca82-750c-358f-a988-00ee20f634d4},forward,5,0.390692,4.087399,1.399703,0.000000
{a3bfca82-750c-358f-a988-00ee20f634d4},forward,6,0.453408,4.094369,1.462030,0.000000
{a3bfca82-750c-358f-a988-00ee20f634d4},forward,7,0.705785,4.110869,1.713868,0.000000
{a3bfca82-750c-358f-a988-00ee20f634d4},forward,8,0.791593,4.112896,1.799651,0.000000
{a3bfca82-750c-358f-a988-00ee20f634d4},forward,9,1.042257,4.116087,2.050296,0.000000
{a4b5ede2-e8ca-3587-a649-fe65ed2be61a},forward,0,0.000000,3.710059,1.673699,0.000000
{a4b5ede2-e8ca-3587-a649-fe65ed2be61a},forward,1,0.168366,3.541692,1.673453,0.000000
{a7a8fcf7-84e1-36d4-99a8-1f5a335e608a},backward,0,0.000000,1.449752,1.370000,0.000000
{a7a8fcf7-84e1-36d4-99a8-1f5a335e608a},backward,1,0.281855,1.731606,1.370466,0.000000
{a7a8fcf7-84e1-36d4-99a8-1f5a335e608a},backward,2,0.846596,2.296347,1.371401,0.000000
{a7a8fcf7-84e1-36d4-99a8-1f5a335e608a},backward,3,0.851855,2.301605,1.371410,0.000000
{a7a8fcf7-84e1-36d4-99a8-1f5a335e608a},backward,4,1.416596,2.866346,1.372345,0.000000
{a7a8fcf7-84e1-36d4-99a8-1f5a335e608a},backward,5,1.694226,3.143975,1.372805,0.000000
{a83713ba-fed9-3654-a4f6-d0973bec2c3b},backward,0,0.000000,4.000000,0.575000,0.000000
{a83713ba-fed9-3654-a4f6-d0973bec2c3b},backward,1,0.001437,3.998563,0.575000,0.000000
{a83713ba-fed9-3654-a4f6-d0973bec2c3b},backward,2,1.246078,2.753922,0.575000,0.000000
{a83713ba-fed9-3654-a4f6-d0973bec2c3b},backward,3,1.662875,2.337125,0.575000,0.000000
{a83713ba-fed9-3654-a4f6-d0973bec2c3b},backward,4,2.009745,1.990255,0.575000,0.000000
{a83713ba-fed9-3654-a4f6-d0973bec2c3b},backward,5,2.412904,1.587096,0.575610,0.000000
{a83713ba-fed9-3654-a4f6-d0973bec2c3b},backward,6,2.488126,1.511893,0.577272,0.000000
{a902bcc4-cd8c-39b3-a497-b72c70289c47},forward,0,0.000000,4.441118,1.674202,0.000000
{a902bcc4-cd8c-39b3-a497-b72c70289c47},forward,1,0.018706,4.422416,1.674565,0.000000
{a902bcc4-cd8c-39b3-a497-b72c70289c47},forward,2,0.036991,4.404195,1.676092,0.000000
{a902bcc4-cd8c-39b3-a497-b72c70289c47},forward,3,0.054920,4.386463,1.678744,0.000000
{a902bcc4-cd8c-39b3-a497-b72c70289c47},forward,4,0.072557,4.369227,1.682484,0.000000
{a902bcc4-cd8c-39b3-a497-b72c70289c47},forward,5,0.089962,4.352494,1.687274,0.000000
{a902bcc4-cd8c-39b3-a497-b72c70289c47},forward,6,0.107191,4.336271,1.693076,0.000000
{a902bcc4-cd8c-39b3-a497-b72c70289c47},forward,7,0.124297,4.320565,1.699852,0.000000
{a902bcc4-cd8c-39b3-a497-b72c70289c47},forward,8,0.141326,4.305382,1.707565,0.000000
{a902bcc4-cd8c-39b3-a497-b72c70289c47},forward,9,0.158321,4.290730,1.716175,0.000000
{a902bcc4-cd8c-39b3-a497-b72c70289c47},forward,10,0.175319,4.276615,1.725646,0.000000
{a902bcc4-cd8c-39b3-a497-b72c70289c47},forward,11,0.192352,4.263045,1.735940,0.000000
{a902bcc4-cd8c-39b3-a497-b72c70289c47},forward,12,0.209446,4.250026,1.747018,0.000000
{a902bcc4-cd8c-39b3-a497-b72c70289c47},forward,13,0.226624,4.237566,1.758843,0.000000
{a902bcc4-cd8c-39b3-a497-b72c70289c47},forward,14,0.243903,4.225671,1.771376,0.000000
{a902bcc4-cd8c-39b3-a497-b72c70289c47},forward,15,0.261298,4.214348,1.784581,0.000000
{a902bcc4-cd8c-39b3-a497-b72c70289c47},forward,16,0.278817,4.203605,1.798419,0.000000
{a902bcc4-cd8c-39b3-a497-b72c70289c47},forward,17,0.296466,4.193448,1.812852,0.000000
{a902bcc4-cd8c-39b3-a497-b72c70289c47},forward,18,0.314247,4.183883,1.827842,0.000000
{a902bcc4-cd8c-39b3-a497-b72c70289c47},forward,19,0.332161,4.174919,1.843352,0.000000
{a902bcc4-cd8c-39b3-a497-b72c70289c47},forward,20,0.350205,4.166562,1.859344,0.000000
{a902bcc4-cd8c-39b3-a497-b72c70289c47},forward,21,0.368372,4.158819,1.875779,0.000000
{a902bcc4-cd8c-39b3-a497-b72c70289c47},forward,22,0.386657,4.151697,1.892619,0.000000
{a902bcc4-cd8c-39b3-a497-b72c70289c47},forward,23,0.405051,4.145202,1.909828,0.000000
{a902bcc4-cd8c-39b3-a497-b72c70289c47},forward,24,0.423542,4.139342,1.927366,0.000000
{a902bcc4-cd8c-39b3-a497-b72c70289c47},forward,25,0.442121,4.134124,1.945197,0.000000
{a902bcc4-cd8c-39b3-a497-b72c70289c47},forward,26,0.460774,4.129555,1.963282,0.000000
{a902bcc4-cd8c-39b3-a497-b72c70289c47},forward,27,0.479489,4.125641,1.981583,0.000000
{a902bcc4-cd8c-39b3-a497-b72c70289c47},forward,28,0.498252,4.122390,2.000063,0.000000
{a902bcc4-cd8c-39b3-a497-b72c70289c47},forward,29,0.517050,4.119808,2.018683,0.000000
{a902bcc4-cd8c-39b3-a497-b72c70289c47},forward,30,0.535870,4.117903,2.037405,0.000000
{a902bcc4-cd8c-39b3-a497-b72c70289c47},forward,31,0.554697,4.116681,2.056193,0.000000
{a902bcc4-cd8c-39b3-a497-b72c70289c47},forward,32,0.573519,4.116149,2.075007,0.000000
{aac5c63d-4c7d-3bb4-a30d-fa6f3c312af7},forward,0,0.000000,3.311895,2.975000,0.000000
{aac5c63d-4c7d-3bb4-a30d-fa6f3c312af7},forward,1,0.170000,3.481895,2.975000,0.000000
{ab0e36c9-40d8-3502-8e27-35c4be0cdce8},forward,0,0.000000,4.543723,5.675000,0.000000
{ab0e36c9-40d8-3502-8e27-35c4be0cdce8},forward,1,0.133138,4.410585,5.675000,0.000000
{ab0e36c9-40d8-3502-8e27-35c4be0cdce8},forward,2,0.135931,4.407793,5.675000,0.000000
{ab0e36c9-40d8-3502-8e27-35c4be0cdce8},forward,3,0.403138,4.140585,5.675000,0.000000
{ab0e36c9-40d8-3502-8e27-35c4be0cdce8},forward,4,0.543723,4.000000,5.675000,0.000000
{b0357da4-57a6-3bc8-bb34-6efb592d514e},forward,0,0.000000,0.837622,5.319806,0.000000
{b0357da4-57a6-3bc8-bb34-6efb592d514e},forward,1,0.159771,0.720323,5.211328,0.000000
{b0357da4-57a6-3bc8-bb34-6efb592d514e},forward,2,0.319541,0.616187,5.090157,0.000000
{b0357da4-57a6-3bc8-bb34-6efb592d514e},forward,3,0.479312,0.526580,4.957881,0.000000
{b0357da4-57a6-3bc8-bb34-6efb592d514e},forward,4,0.639082,0.452673,4.816232,0.000000
{b0357da4-57a6-3bc8-bb34-6efb592d514e},forward,5,0.805112,0.393542,4.661088,0.000000
{b0357da4-57a6-3bc8-bb34-6efb592d514e},forward,6,0.971142,0.353249,4.500022,0.000000
{b0357da4-57a6-3bc8-bb34-6efb592d514e},forward,7,1.137172,0.332364,4.335311,0.000000
{b0357da4-57a6-3bc8-bb34-6efb592d514e},forward,8,1.303202,0.331182,4.169285,0.000000
{b0357da4-57a6-3bc8-bb34-6efb592d514e},forward,9,1.314105,0.331754,4.158396,0.000000
{b0357da4-57a6-3bc8-bb34-6efb592d514e},forward,10,1.377674,0.335086,4.094915,0.000000
{b0357da4-57a6-3bc8-bb34-6efb592d514e},forward,11,1.521314,0.342616,3.951472,0.000000
{b0357da4-57a6-3bc8-bb34-6efb592d514e},forward,12,1.739419,0.354050,3.733668,0.000000
{b0357da4-57a6-3bc8-bb34-6efb592d514e},forward,13,1.833477,0.364470,3.640189,0.000000
{b0357da4-57a6-3bc8-bb34-6efb592d514e},forward,14,1.927566,0.385794,3.548547,0.000000
{b0357da4-57a6-3bc8-bb34-6efb592d514e},forward,15,2.021656,0.417723,3.460041,0.000000
{b0357da4-57a6-3bc8-bb34-6efb592d514e},forward,16,2.115745,0.459817,3.375893,0.000000
{b0357da4-57a6-3bc8-bb34-6efb592d514e},forward,17,2.209834,0.511494,3.297265,0.000000
{b0357da4-57a6-3bc8-bb34-6efb592d514e},forward,18,2.303924,0.572040,3.225245,0.000000
{b0357da4-57a6-3bc8-bb34-6efb592d514e},forward,19,2.398013,0.640619,3.160827,0.000000
{b0357da4-57a6-3bc8-bb34-6efb592d514e},forward,20,2.492103,0.716284,3.104900,0.000000
{b0357da4-57a6-3bc8-bb34-6efb592d514e},forward,21,2.607610,0.817345,3.048967,0.000000
{b0357da4-57a6-3bc8-bb34-6efb592d514e},forward,22,2.723117,0.925404,3.008162,0.000000
{b0357da4-57a6-3bc8-bb34-6efb592d514e},forward,23,2.838624,1.038211,2.983334,0.000000
{b0357da4-57a6-3bc8-bb34-6efb592d514e},forward,24,2.954131,1.153417,2.975000,0.000000
{b0dac25a-9652-3aa9-99a4-f49fbd873a80},backward,0,0.000000,1.585126,3.225000,0.000000
{b0dac25a-9652-3aa9-99a4-f49fbd873a80},backward,1,0.213398,1.371728,3.225000,0.000000
{b0dac25a-9652-3aa9-99a4-f49fbd873a80},backward,2,0.213423,1.371703,3.225000,0.000000
{b1ea243f-1da3-3595-b06c-17b96d4fe95b},backward,0,0.000000,0.575000,2.477985,0.000000
{b1ea243f-1da3-3595-b06c-17b96d4fe95b},backward,1,0.002015,0.575000,2.480000,0.000000
{b1ea243f-1da3-3595-b06c-17b96d4fe95b},backward,2,0.132015,0.575000,2.610000,0.000000
{b1ea243f-1da3-3595-b06c-17b96d4fe95b},backward,3,0.392015,0.575000,2.870000,0.000000
{b1ea243f-1da3-3595-b06c-17b96d4fe95b},backward,4,0.522015,0.575000,3.000000,0.000000
{b1fa3ebf-dd85-38f4-ac33-f4b35ecfed00},forward,0,0.000000,1.585126,2.975000,0.000000
{b1fa3ebf-dd85-38f4-ac33-f4b35ecfed00},forward,1,0.056329,1.641455,2.975000,0.000000
{b1fa3ebf-dd85-38f4-ac33-f4b35ecfed00},forward,2,0.283671,1.868797,2.975000,0.000000
{b1fa3ebf-dd85-38f4-ac33-f4b35ecfed00},forward,3,0.304470,1.889596,2.975000,0.000000
{b1fa3ebf-dd85-38f4-ac33-f4b35ecfed00},forward,4,0.448358,2.033484,2.975000,0.000000
{b1fa3ebf-dd85-38f4-ac33-f4b35ecfed00},forward,5,0.895530,2.480656,2.975000,0.000000
{b1fa3ebf-dd85-38f4-ac33-f4b35ecfed00},forward,6,0.896768,2.481895,2.975000,0.000000
{b51cb279-b60d-3922-8669-82ae30190e1b},forward,0,0.000000,3.866659,2.277242,0.000000
{b51cb279-b60d-3922-8669-82ae30190e1b},forward,1,0.011010,3.866632,2.266233,0.000000
{b624d53f-88ef-3e22-81a1-23351da1f4af},backward,0,0.000000,4.116142,2.071985,0.000000
{b624d53f-88ef-3e22-81a1-23351da1f4af},backward,1,0.003023,4.116149,2.075007,0.000000
{b9de6ec7-3d73-3d5e-8041-e2b6fad165ed},forward,0,0.000000,3.174813,5.675000,0.000000
{b9de6ec7-3d73-3d5e-8041-e2b6fad165ed},forward,1,0.854664,2.320149,5.675000,0.000000
{b9de6ec7-3d73-3d5e-8041-e2b6fad165ed},forward,2,1.228889,1.945963,5.669562,0.000000
{b9de6ec7-3d73-3d5e-8041-e2b6fad165ed},forward,3,1.420056,1.755246,5.656455,0.000000
{b9de6ec7-3d73-3d5e-8041-e2b6fad165ed},forward,4,1.613912,1.563118,5.630634,0.000000
{b9de6ec7-3d73-3d5e-8041-e2b6fad165ed},forward,5,1.810452,1.371325,5.587700,0.000000
{b9de6ec7-3d73-3d5e-8041-e2b6fad165ed},forward,6,2.009670,1.182761,5.523424,0.000000
{b9de6ec7-3d73-3d5e-8041-e2b6fad165ed},forward,7,2.211556,1.001724,5.434072,0.000000
{b9de6ec7-3d73-3d5e-8041-e2b6fad165ed},forward,8,2.411540,0.837817,5.319493,0.000000
{bc5eca94-5cf3-3a2d-b48a-c410b39a8eb2},backward,0,0.000000,4.791895,3.225000,0.000000
{bc5eca94-5cf3-3a2d-b48a-c410b39a8eb2},backward,1,0.019546,4.772349,3.225000,0.000000
{becf583d-91ca-3e65-ac66-f66089686169},backward,0,0.000000,4.120495,3.795993,0.000000
{becf583d-91ca-3e65-ac66-f66089686169},backward,1,0.000000,4.120495,3.795993,0.000000
{becf583d-91ca-3e65-ac66-f66089686169},backward,2,0.075449,4.120686,3.871441,0.000000
{bfde17cd-2a65-3a42-b67c-6b3658f6f7f8},forward,0,0.000000,7.090914,5.195777,0.000000
{bfde17cd-2a65-3a42-b67c-6b3658f6f7f8},forward,1,0.164000,7.193400,5.067743,0.000000
{bfde17cd-2a65-3a42-b67c-6b3658f6f7f8},forward,2,0.328000,7.263540,4.919499,0.000000
{bfde17cd-2a65-3a42-b67c-6b3658f6f7f8},forward,3,0.492000,7.297543,4.759062,0.000000
{bfde17cd-2a65-3a42-b67c-6b3658f6f7f8},forward,4,0.656000,7.293569,4.595110,0.000000
{bfde17cd-2a65-3a42-b67c-6b3658f6f7f8},forward,5,0.783527,7.264332,4.470980,0.000000
{bfde17cd-2a65-3a42-b67c-6b3658f6f7f8},forward,6,0.911054,7.213218,4.354145,0.000000
{bfde17cd-2a65-3a42-b67c-6b3658f6f7f8},forward,7,1.038580,7.141898,4.248426,0.000000
{bfde17cd-2a65-3a42-b67c-6b3658f6f7f8},forward,8,1.166114,7.052699,4.157276,0.000000
{bfde17cd-2a65-3a42-b67c-6b3658f6f7f8},forward,9,1.455471,6.832459,3.969600,0.000000
{bfde17cd-2a65-3a42-b67c-6b3658f6f7f8},forward,10,1.476948,6.816112,3.955670,0.000000
{bfde17cd-2a65-3a42-b67c-6b3658f6f7f8},forward,11,1.491963,6.804684,3.945932,0.000000
{bfde17cd-2a65-3a42-b67c-6b3658f6f7f8},forward,12,1.744829,6.612219,3.781925,0.000000
{bfde17cd-2a65-3a42-b67c-6b3658f6f7f8},forward,13,2.044801,6.371857,3.602454,0.000000
{bfde17cd-2a65-3a42-b67c-6b3658f6f7f8},forward,14,2.344774,6.110442,3.455330,0.000000
{bfde17cd-2a65-3a42-b67c-6b3658f6f7f8},forward,15,2.644747,5.832300,3.342988,0.000000
{bfde17cd-2a65-3a42-b67c-6b3658f6f7f8},forward,16,2.944719,5.542037,3.267286,0.000000
{bfde17cd-2a65-3a42-b67c-6b3658f6f7f8},forward,17,3.166999,5.322027,3.235596,0.000000
{bfde17cd-2a65-3a42-b67c-6b3658f6f7f8},forward,18,3.389279,5.100000,3.225000,0.000000
{c1384ad2-0c45-32d8-b136-73a8fd5fcdf2},forward,0,0.000000,3.866143,2.072616,0.000000
{c1384ad2-0c45-32d8-b136-73a8fd5fcdf2},forward,1,0.018763,3.865520,2.053863,0.000000
{c1384ad2-0c45-32d8-b136-73a8fd5fcdf2},forward,2,0.037531,3.864219,2.035141,0.000000
{c1384ad2-0c45-32d8-b136-73a8fd5fcdf2},forward,3,0.056289,3.862244,2.016486,0.000000
{c1384ad2-0c45-32d8-b136-73a8fd5fcdf2},forward,4,0.075026,3.859604,1.997937,0.000000
{c1384ad2-0c45-32d8-b136-73a8fd5fcdf2},forward,5,0.093726,3.856303,1.979530,0.000000
{c1384ad2-0c45-32d8-b136-73a8fd5fcdf2},forward,6,0.112376,3.852350,1.961304,0.000000
{c1384ad2-0c45-32d8-b136-73a8fd5fcdf2},forward,7,0.130963,3.847750,1.943295,0.000000
{c1384ad2-0c45-32d8-b136-73a8fd5fcdf2},forward,8,0.149474,3.842510,1.925542,0.000000
{c1384ad2-0c45-32d8-b136-73a8fd5fcdf2},forward,9,0.167896,3.836636,1.908081,0.000000
{c1384ad2-0c45-32d8-b136-73a8fd5fcdf2},forward,10,0.186219,3.830135,1.890950,0.000000
{c1384ad2-0c45-32d8-b136-73a8fd5fcdf2},forward,11,0.204432,3.823013,1.874187,0.000000
{c1384ad2-0c45-32d8-b136-73a8fd5fcdf2},forward,12,0.222527,3.815278,1.857829,0.000000
{c1384ad2-0c45-32d8-b136-73a8fd5fcdf2},forward,13,0.240497,3.806935,1.841913,0.000000
{c1384ad2-0c45-32d8-b136-73a8fd5fcdf2},forward,14,0.258336,3.797991,1.826478,0.000000
{c1384ad2-0c45-32d8-b136-73a8fd5fcdf2},forward,15,0.276043,3.788453,1.811560,0.000000
{c1384ad2-0c45-32d8-b136-73a8fd5fcdf2},forward,16,0.293616,3.778327,1.797197,0.000000
{c1384ad2-0c45-32d8-b136-73a8fd5fcdf2},forward,17,0.311060,3.767619,1.783427,0.000000
{c1384ad2-0c45-32d8-b136-73a8fd5fcdf2},forward,18,0.328379,3.756337,1.770286,0.000000
{c1384ad2-0c45-32d8-b136-73a8fd5fcdf2},forward,19,0.345584,3.744487,1.757813,0.000000
{c1384ad2-0c45-32d8-b136-73a8fd5fcdf2},forward,20,0.362688,3.732075,1.746045,0.000000
{c1384ad2-0c45-32d8-b136-73a8fd5fcdf2},forward,21,0.379709,3.719107,1.735019,0.000000
{c1384ad2-0c45-32d8-b136-73a8fd5fcdf2},forward,22,0.396670,3.705591,1.724773,0.000000
{c1384ad2-0c45-32d8-b136-73a8fd5fcdf2},forward,23,0.413597,3.691533,1.715345,0.000000
{c1384ad2-0c45-32d8-b136-73a8fd5fcdf2},forward,24,0.430523,3.676939,1.706771,0.000000
{c1384ad2-0c45-32d8-b136-73a8fd5fcdf2},forward,25,0.447484,3.661817,1.699090,0.000000
{c1384ad2-0c45-32d8-b136-73a8fd5fcdf2},forward,26,0.464524,3.646171,1.692338,0.000000
{c1384ad2-0c45-32d8-b136-73a8fd5fcdf2},forward,27,0.481690,3.630010,1.686554,0.000000
{c1384ad2-0c45-32d8-b136-73a8fd5fcdf2},forward,28,0.499032,3.613339,1.681775,0.000000
{c1384ad2-0c45-32d8-b136-73a8fd5fcdf2},forward,29,0.516608,3.596166,1.678037,0.000000
{c1384ad2-0c45-32d8-b136-73a8fd5fcdf2},forward,30,0.534476,3.578496,1.675380,0.000000
{c1384ad2-0c45-32d8-b136-73a8fd5fcdf2},forward,31,0.552702,3.560336,1.673839,0.000000
{c1384ad2-0c45-32d8-b136-73a8fd5fcdf2},forward,32,0.571349,3.541692,1.673453,0.000000
{c3a188ab-d809-39ee-8aa2-31a8aaa3cd62},backward,0,0.000000,3.143975,1.372805,0.000000
{c3a188ab-d809-39ee-8aa2-31a8aaa3cd62},backward,1,0.133518,3.277493,1.373026,0.000000
{c3a188ab-d809-39ee-8aa2-31a8aaa3cd62},backward,2,0.398181,3.542155,1.373454,0.000000
{c43e7be6-e80f-3a80-a49c-b5810ef4ae36},forward,0,0.000000,0.837817,5.319493,0.000000
{c43e7be6-e80f-3a80-a49c-b5810ef4ae36},forward,1,0.004523,0.834110,5.316902,0.000000
{c43e7be6-e80f-3a80-a49c-b5810ef4ae36},forward,2,0.111415,0.755082,5.244927,0.000000
{c43e7be6-e80f-3a80-a49c-b5810ef4ae36},forward,3,0.275771,0.647410,5.120750,0.000000
{c43e7be6-e80f-3a80-a49c-b5810ef4ae36},forward,4,0.438432,0.558120,4.984787,0.000000
{c43e7be6-e80f-3a80-a49c-b5810ef4ae36},forward,5,0.625239,0.476398,4.816805,0.000000
{c43e7be6-e80f-3a80-a49c-b5810ef4ae36},forward,6,0.809750,0.416166,4.642402,0.000000
{c43e7be6-e80f-3a80-a49c-b5810ef4ae36},forward,7,0.985159,0.375746,4.471713,0.000000
{c43e7be6-e80f-3a80-a49c-b5810ef4ae36},forward,8,1.158433,0.349534,4.300433,0.000000
{c43e7be6-e80f-3a80-a49c-b5810ef4ae36},forward,9,1.511580,0.327013,3.948005,0.000000
{c43e7be6-e80f-3a80-a49c-b5810ef4ae36},forward,10,1.518516,0.326861,3.941071,0.000000
{c5771a52-88b2-3751-8491-b0b3989db886},backward,0,0.000000,4.843691,1.374026,0.000000
{c5771a52-88b2-3751-8491-b0b3989db886},backward,1,0.223867,5.067558,1.373788,0.000000
{c5771a52-88b2-3751-8491-b0b3989db886},backward,2,0.555687,5.399377,1.373250,0.000000
{c5771a52-88b2-3751-8491-b0b3989db886},backward,3,0.929598,5.773288,1.372381,0.000000
{c5771a52-88b2-3751-8491-b0b3989db886},backward,4,1.111370,5.955059,1.371858,0.000000
{c5771a52-88b2-3751-8491-b0b3989db886},backward,5,1.666956,6.510642,1.369999,0.000000
{c74caa02-a1ea-36d9-8821-d66fcfcf2aad},forward,0,0.000000,4.867426,2.975000,0.000000
{c74caa02-a1ea-36d9-8821-d66fcfcf2aad},forward,1,0.076466,4.943892,2.975000,0.000000
{c74caa02-a1ea-36d9-8821-d66fcfcf2aad},forward,2,0.232574,5.100000,2.975000,0.000000
{c7bd3668-1afc-3494-9734-04e5ae57e5f1},backward,0,0.000000,4.116631,2.265601,0.000000
{c7bd3668-1afc-3494-9734-04e5ae57e5f1},backward,1,0.011010,4.116659,2.276611,0.000000
{c9e82a50-36a6-3781-a258-001c7d22f858},backward,0,0.000000,4.120802,3.917614,0.000000
{c9e82a50-36a6-3781-a258-001c7d22f858},backward,1,0.004141,4.120813,3.921755,0.000000
{d001c7dc-d19b-3951-b23d-f82aca829c1f},backward,0,0.000000,1.370000,3.225000,0.000000
{d001c7dc-d19b-3951-b23d-f82aca829c1f},backward,1,0.111713,1.258287,3.225000,0.000000
{d001c7dc-d19b-3951-b23d-f82aca829c1f},backward,2,0.216583,1.153417,3.225000,0.000000
{d363f06e-4ae5-305d-8270-a8b39b66cfd1},forward,0,0.000000,1.371703,3.225000,0.000000
{d363f06e-4ae5-305d-8270-a8b39b66cfd1},forward,1,0.131822,1.240554,3.238297,0.000000
{d363f06e-4ae5-305d-8270-a8b39b66cfd1},forward,2,0.263644,1.114742,3.277648,0.000000
{d363f06e-4ae5-305d-8270-a8b39b66cfd1},forward,3,0.395466,0.999389,3.341450,0.000000
{d363f06e-4ae5-305d-8270-a8b39b66cfd1},forward,4,0.527288,0.899190,3.427107,0.000000
{d363f06e-4ae5-305d-8270-a8b39b66cfd1},forward,5,0.622837,0.838424,3.500844,0.000000
{d363f06e-4ae5-305d-8270-a8b39b66cfd1},forward,6,0.718386,0.789061,3.582655,0.000000
{d363f06e-4ae5-305d-8270-a8b39b66cfd1},forward,7,0.813936,0.752158,3.670790,0.000000
{d363f06e-4ae5-305d-8270-a8b39b66cfd1},forward,8,0.909504,0.728500,3.763384,0.000000
{d363f06e-4ae5-305d-8270-a8b39b66cfd1},forward,9,0.995864,0.713282,3.848393,0.000000
{d363f06e-4ae5-305d-8270-a8b39b66cfd1},forward,10,1.071607,0.699935,3.922951,0.000000
{d363f06e-4ae5-305d-8270-a8b39b66cfd1},forward,11,1.126171,0.690320,3.976661,0.000000
{d363f06e-4ae5-305d-8270-a8b39b66cfd1},forward,12,1.342835,0.652141,4.189934,0.000000
{d363f06e-4ae5-305d-8270-a8b39b66cfd1},forward,13,1.527986,0.636735,4.374443,0.000000
{d363f06e-4ae5-305d-8270-a8b39b66cfd1},forward,14,1.713136,0.656014,4.558587,0.000000
{d363f06e-4ae5-305d-8270-a8b39b66cfd1},forward,15,1.898287,0.709301,4.735903,0.000000
{d363f06e-4ae5-305d-8270-a8b39b66cfd1},forward,16,2.083437,0.794726,4.900169,0.000000
{d363f06e-4ae5-305d-8270-a8b39b66cfd1},forward,17,2.235654,0.886899,5.021305,0.000000
{d363f06e-4ae5-305d-8270-a8b39b66cfd1},forward,18,2.387871,0.996581,5.126850,0.000000
{d37cd5d9-6651-33c9-ae06-945b4ac67729},backward,0,0.000000,7.325000,2.340627,0.000000
{d37cd5d9-6651-33c9-ae06-945b4ac67729},backward,1,0.379394,7.323763,1.961235,0.000000
{d37cd5d9-6651-33c9-ae06-945b4ac67729},backward,2,0.572527,7.316351,1.768245,0.000000
{d37cd5d9-6651-33c9-ae06-945b4ac67729},backward,3,0.761927,7.297417,1.579793,0.000000
{d37cd5d9-6651-33c9-ae06-945b4ac67729},backward,4,0.900584,7.272902,1.443320,0.000000
{d37cd5d9-6651-33c9-ae06-945b4ac67729},backward,5,1.037177,7.237490,1.311398,0.000000
{d37cd5d9-6651-33c9-ae06-945b4ac67729},backward,6,1.146985,7.199528,1.208360,0.000000
{d37cd5d9-6651-33c9-ae06-945b4ac67729},backward,7,1.255425,7.152731,1.110538,0.000000
{d37cd5d9-6651-33c9-ae06-945b4ac67729},backward,8,1.362494,7.096736,1.019279,0.000000
{d37cd5d9-6651-33c9-ae06-945b4ac67729},backward,9,1.468168,7.031495,0.936149,0.000000
{d37cd5d9-6651-33c9-ae06-945b4ac67729},backward,10,1.597256,6.938375,0.846748,0.000000
{d37cd5d9-6651-33c9-ae06-945b4ac67729},backward,11,1.728165,6.831396,0.771298,0.000000
{d37cd5d9-6651-33c9-ae06-945b4ac67729},backward,12,1.900037,6.677556,0.694660,0.000000
{d37cd5d9-6651-33c9-ae06-945b4ac67729},backward,13,2.075399,6.510905,0.640078,0.000000
{d37cd5d9-6651-33c9-ae06-945b4ac67729},backward,14,2.166356,6.422222,0.619871,0.000000
{d8fca83d-2dac-3722-9cf9-fd42cd7d4916},forward,0,0.000000,3.143478,1.672804,0.000000
{d8fca83d-2dac-3722-9cf9-fd42cd7d4916},forward,1,0.277629,2.865849,1.672345,0.000000
{d8fca83d-2dac-3722-9cf9-fd42cd7d4916},forward,2,0.842371,2.301108,1.671410,0.000000
{d8fca83d-2dac-3722-9cf9-fd42cd7d4916},forward,3,0.847629,2.295850,1.671401,0.000000
{d8fca83d-2dac-3722-9cf9-fd42cd7d4916},forward,4,1.412371,1.731109,1.670466,0.000000
{d8fca83d-2dac-3722-9cf9-fd42cd7d4916},forward,5,1.694226,1.449255,1.669999,0.000000
{d9edb4c4-9f70-366e-b2bd-d34ab26a217b},forward,0,0.000000,4.791895,2.975000,0.000000
{d9edb4c4-9f70-366e-b2bd-d34ab26a217b},forward,1,0.019775,4.811669,2.975000,0.000000
{dbf76e61-e450-32e2-b26b-4b1fd1dc9ddd},backward,0,0.000000,3.449875,5.425000,0.000000
{dbf76e61-e450-32e2-b26b-4b1fd1dc9ddd},backward,1,0.000125,3.450000,5.425000,0.000000
{dbf76e61-e450-32e2-b26b-4b1fd1dc9ddd},backward,2,0.135125,3.585000,5.425000,0.000000
{dbf76e61-e450-32e2-b26b-4b1fd1dc9ddd},backward,3,0.137978,3.587854,5.425000,0.000000
{dbf76e61-e450-32e2-b26b-4b1fd1dc9ddd},backward,4,0.402271,3.852146,5.425000,0.000000
{dbf76e61-e450-32e2-b26b-4b1fd1dc9ddd},backward,5,0.550124,4.000000,5.425000,0.000000
{dbf76e61-e450-32e2-b26b-4b1fd1dc9ddd},backward,6,0.550124,4.000000,5.425000,0.000000
{dbf76e61-e450-32e2-b26b-4b1fd1dc9ddd},backward,7,0.550125,4.000000,5.425000,0.000000
{dbf76e61-e450-32e2-b26b-4b1fd1dc9ddd},backward,8,0.550125,4.000000,5.425000,0.000000
{dde3a446-09b7-392e-b739-06a50fc44f45},backward,0,0.000000,0.575000,3.000000,0.000000
{dde3a446-09b7-392e-b739-06a50fc44f45},backward,1,0.679862,0.575000,3.679862,0.000000
{dde3a446-09b7-392e-b739-06a50fc44f45},backward,2,0.935760,0.576805,3.935753,0.000000
{e0dbe6c2-0cd9-3ca7-a376-e74c2efc04f9},forward,0,0.000000,3.866143,2.072616,0.000000
{e0dbe6c2-0cd9-3ca7-a376-e74c2efc04f9},forward,1,0.021689,3.866088,2.050927,0.000000
{e1a3112b-e4c3-3bd5-92fd-6827419bcc2b},backward,0,0.000000,4.811669,3.225000,0.000000
{e1a3112b-e4c3-3bd5-92fd-6827419bcc2b},backward,1,0.019775,4.791895,3.225000,0.000000
{e2743ee3-0e29-34e0-8984-a16dfe626505},forward,0,0.000000,3.866672,2.282386,0.000000
{e2743ee3-0e29-34e0-8984-a16dfe626505},forward,1,0.005144,3.866659,2.277242,0.000000
{e2cee8a7-973a-3782-9787-da4bd95b164a},backward,0,0.000000,3.170662,3.225000,0.000000
{e2cee8a7-973a-3782-9787-da4bd95b164a},backward,1,0.200765,2.969897,3.225000,0.000000
{e2cee8a7-973a-3782-9787-da4bd95b164a},backward,2,0.688767,2.481895,3.225000,0.000000
{e33820e6-6026-33e3-b139-9fc2201d57ef},forward,0,0.000000,1.153417,3.225000,0.000000
{e33820e6-6026-33e3-b139-9fc2201d57ef},forward,1,0.222327,0.931090,3.225000,0.000000
{e33820e6-6026-33e3-b139-9fc2201d57ef},forward,2,0.381295,0.772122,3.225000,0.000000
{e33820e6-6026-33e3-b139-9fc2201d57ef},forward,3,0.507929,0.646318,3.210532,0.000000
{e33820e6-6026-33e3-b139-9fc2201d57ef},forward,4,0.634593,0.527070,3.167826,0.000000
{e33820e6-6026-33e3-b139-9fc2201d57ef},forward,5,0.679790,0.487395,3.146178,0.000000
{e33820e6-6026-33e3-b139-9fc2201d57ef},forward,6,0.711238,0.461218,3.128750,0.000000
{e33820e6-6026-33e3-b139-9fc2201d57ef},forward,7,0.789392,0.404114,3.075390,0.000000
{e33820e6-6026-33e3-b139-9fc2201d57ef},forward,8,0.867546,0.360954,3.010235,0.000000
{e33820e6-6026-33e3-b139-9fc2201d57ef},forward,9,0.945700,0.334094,2.936842,0.000000
{e33820e6-6026-33e3-b139-9fc2201d57ef},forward,10,1.023793,0.325000,2.859280,0.000000
{e33820e6-6026-33e3-b139-9fc2201d57ef},forward,11,1.183052,0.325000,2.700021,0.000000
{e33820e6-6026-33e3-b139-9fc2201d57ef},forward,12,1.405088,0.325000,2.477985,0.000000
{e3a70a5e-f0c4-35cd-bb9e-10ab5c9a61eb},forward,0,0.000000,1.503820,0.327403,0.000000
{e3a70a5e-f0c4-35cd-bb9e-10ab5c9a61eb},forward,1,0.079961,1.583761,0.325632,0.000000
{e3a70a5e-f0c4-35cd-bb9e-10ab5c9a61eb},forward,2,0.486455,1.990255,0.325000,0.000000
{e3a70a5e-f0c4-35cd-bb9e-10ab5c9a61eb},forward,3,0.833325,2.337125,0.325000,0.000000
{e3a70a5e-f0c4-35cd-bb9e-10ab5c9a61eb},forward,4,1.250122,2.753922,0.325000,0.000000
{e3a70a5e-f0c4-35cd-bb9e-10ab5c9a61eb},forward,5,2.494762,3.998563,0.325000,0.000000
{e3a70a5e-f0c4-35cd-bb9e-10ab5c9a61eb},forward,6,2.496200,4.000000,0.325000,0.000000
{e4a93cf2-c019-3e0f-a62b-a0a523137103},backward,0,0.000000,6.422222,0.619871,0.000000
{e4a93cf2-c019-3e0f-a62b-a0a523137103},backward,1,0.195088,6.229190,0.591614,0.000000
{e4a93cf2-c019-3e0f-a62b-a0a523137103},backward,2,0.394227,6.030475,0.578634,0.000000
{e4a93cf2-c019-3e0f-a62b-a0a523137103},backward,3,1.199710,5.225000,0.575000,0.000000
{e4a93cf2-c019-3e0f-a62b-a0a523137103},backward,4,1.200032,5.224679,0.575000,0.000000
{e4a93cf2-c019-3e0f-a62b-a0a523137103},backward,5,2.009710,4.415000,0.575000,0.000000
{e4a93cf2-c019-3e0f-a62b-a0a523137103},backward,6,2.424710,4.000000,0.575000,0.000000
{ea22971c-4481-361a-bb39-6a2d1e6d4122},backward,0,0.000000,4.772349,3.225000,0.000000
{ea22971c-4481-361a-bb39-6a2d1e6d4122},backward,1,0.000000,4.772349,3.225000,0.000000
{ea22971c-4481-361a-bb39-6a2d1e6d4122},backward,2,0.812452,3.959897,3.225000,0.000000
{ea22971c-4481-361a-bb39-6a2d1e6d4122},backward,3,0.814597,3.957752,3.225000,0.000000
{ea22971c-4481-361a-bb39-6a2d1e6d4122},backward,4,0.818456,3.953892,3.225000,0.000000
{ea22971c-4481-361a-bb39-6a2d1e6d4122},backward,5,1.290454,3.481895,3.225000,0.000000
{ee9b3651-b3e0-3be6-9a67-7f8f91255d77},forward,0,0.000000,0.325000,2.280000,0.000000
{ee9b3651-b3e0-3be6-9a67-7f8f91255d77},forward,1,0.000000,0.325000,2.280000,0.000000
{ee9b3651-b3e0-3be6-9a67-7f8f91255d77},forward,2,0.063023,0.325000,2.216977,0.000000
{efebe81d-afa6-342a-848b-e545cda75a02},forward,0,0.000000,7.575000,2.560418,0.000000
{efebe81d-afa6-342a-848b-e545cda75a02},forward,1,0.141312,7.562054,2.701136,0.000000
{efebe81d-afa6-342a-848b-e545cda75a02},forward,2,0.282624,7.523650,2.837129,0.000000
{efebe81d-afa6-342a-848b-e545cda75a02},forward,3,0.423935,7.461077,2.963832,0.000000
{efebe81d-afa6-342a-848b-e545cda75a02},forward,4,0.565247,7.376437,3.076992,0.000000
{efebe81d-afa6-342a-848b-e545cda75a02},forward,5,0.656758,7.311219,3.141186,0.000000
{efebe81d-afa6-342a-848b-e545cda75a02},forward,6,0.748269,7.238857,3.197203,0.000000
{efebe81d-afa6-342a-848b-e545cda75a02},forward,7,0.839779,7.160369,3.244255,0.000000
{efebe81d-afa6-342a-848b-e545cda75a02},forward,8,0.931290,7.076861,3.281679,0.000000
{efebe81d-afa6-342a-848b-e545cda75a02},forward,9,1.022801,6.989508,3.308948,0.000000
{efebe81d-afa6-342a-848b-e545cda75a02},forward,10,1.114312,6.899539,3.325679,0.000000
{efebe81d-afa6-342a-848b-e545cda75a02},forward,11,1.205823,6.808222,3.331635,0.000000
{efebe81d-afa6-342a-848b-e545cda75a02},forward,12,1.297276,6.716900,3.326740,0.000000
{efebe81d-afa6-342a-848b-e545cda75a02},forward,13,1.392414,6.622364,3.316060,0.000000
{efebe81d-afa6-342a-848b-e545cda75a02},forward,14,1.487549,6.527830,3.305381,0.000000
{efebe81d-afa6-342a-848b-e545cda75a02},forward,15,1.554946,6.460839,3.297994,0.000000
{efebe81d-afa6-342a-848b-e545cda75a02},forward,16,1.557671,6.458129,3.297703,0.000000
{efebe81d-afa6-342a-848b-e545cda75a02},forward,17,2.024390,5.993242,3.256398,0.000000
{efebe81d-afa6-342a-848b-e545cda75a02},forward,18,2.491108,5.527153,3.232173,0.000000
{efebe81d-afa6-342a-848b-e545cda75a02},forward,19,2.918321,5.100000,3.225000,0.000000
{f17276b1-f9be-37ab-9f82-10bd18e178a1},backward,0,0.000000,2.481895,3.225000,0.000000
{f17276b1-f9be-37ab-9f82-10bd18e178a1},backward,1,0.001239,2.480656,3.225000,0.000000
{f17276b1-f9be-37ab-9f82-10bd18e178a1},backward,2,0.448410,2.033484,3.225000,0.000000
{f17276b1-f9be-37ab-9f82-10bd18e178a1},backward,3,0.592298,1.889596,3.225000,0.000000
{f17276b1-f9be-37ab-9f82-10bd18e178a1},backward,4,0.613097,1.868797,3.225000,0.000000
{f17276b1-f9be-37ab-9f82-10bd18e178a1},backward,5,0.840440,1.641455,3.225000,0.000000
{f17276b1-f9be-37ab-9f82-10bd18e178a1},backward,6,0.896768,1.585126,3.225000,0.000000
{f1a794ae-656d-3656-a0aa-51614ff70e98},forward,0,0.000000,7.575000,3.920000,0.000000
{f1a794ae-656d-3656-a0aa-51614ff70e98},forward,1,0.132312,7.575000,4.052312,0.000000
{f1a794ae-656d-3656-a0aa-51614ff70e98},forward,2,0.354920,7.575000,4.274920,0.000000
{f1a794ae-656d-3656-a0aa-51614ff70e98},forward,3,0.637814,7.570015,4.557770,0.000000
{f1a794ae-656d-3656-a0aa-51614ff70e98},forward,4,0.784157,7.557895,4.703611,0.000000
{f1a794ae-656d-3656-a0aa-51614ff70e98},forward,5,0.933751,7.533853,4.851259,0.000000
{f1a794ae-656d-3656-a0aa-51614ff70e98},forward,6,1.112091,7.485193,5.022832,0.000000
{f1a794ae-656d-3656-a0aa-51614ff70e98},forward,7,1.294796,7.408392,5.188612,0.000000
{f1a794ae-656d-3656-a0aa-51614ff70e98},forward,8,1.408312,7.345696,5.283244,0.000000
{f1a794ae-656d-3656-a0aa-51614ff70e98},forward,9,1.523465,7.270128,5.370132,0.000000
{f1a794ae-656d-3656-a0aa-51614ff70e98},forward,10,1.528440,7.266599,5.373639,0.000000
{f3bfd945-629c-378b-895e-11ad350d0e17},backward,0,0.000000,4.807629,5.425000,0.000000
{f3bfd945-629c-378b-895e-11ad350d0e17},backward,1,0.007956,4.815585,5.425000,0.000000
{f71960bf-7165-3ae5-b203-e04983359107},forward,0,0.000000,3.176596,5.675000,0.000000
{f71960bf-7165-3ae5-b203-e04983359107},forward,1,0.001783,3.174813,5.675000,0.000000
{f81d12b2-eb71-3a01-8a13-fba7e30cf898},backward,0,0.000000,4.120686,3.871441,0.000000
{f81d12b2-eb71-3a01-8a13-fba7e30cf898},backward,1,0.046172,4.120802,3.917614,0.000000
{fe4fa9df-01f2-3827-8962-f9bbf086bfc1},backward,0,0.000000,7.325000,3.000000,0.000000
{fe4fa9df-01f2-3827-8962-f9bbf086bfc1},backward,1,0.109477,7.325000,2.890523,0.000000
{fe4fa9df-01f2-3827-8962-f9bbf086bfc1},backward,2,0.329268,7.325000,2.670732,0.000000
{fe4fa9df-01f2-3827-8962-f9bbf086bfc1},backward,3,0.329477,7.325000,2.670523,0.000000
{fe4fa9df-01f2-3827-8962-f9bbf086bfc1},backward,4,0.329686,7.325000,2.670314,0.000000
{fe4fa9df-01f2-3827-8962-f9bbf086bfc1},backward,5,0.439582,7.325000,2.560418,0.000000
